decade,tourney_id,tourney_name,surface,draw_size,tourney_level,tourney_date,match_num,winner_id,winner_seed,winner_entry,winner_name,winner_hand,winner_ht,winner_ioc,winner_age,loser_id,loser_seed,loser_entry,loser_name,loser_hand,loser_ht,loser_ioc,loser_age,score,best_of,round,minutes,w_ace,w_df,w_svpt,w_1stIn,w_1stWon,w_2ndWon,w_SvGms,w_bpSaved,w_bpFaced,l_ace,l_df,l_svpt,l_1stIn,l_1stWon,l_2ndWon,l_SvGms,l_bpSaved,l_bpFaced,winner_rank,winner_rank_points,loser_rank,loser_rank_points,season,year
1990s,1999-560,US Open,Hard,128,G,19990830,55,102567,,Q,George Bastl,R,183.0,SUI,24.4,102644,,,Franco Squillari,L,183.0,ARG,24.0,7-6(4) 4-6 6-4 6-4,5,R128,182.0,10.0,8.0,159.0,101.0,67.0,31.0,21.0,15.0,19.0,8.0,11.0,134.0,67.0,44.0,37.0,21.0,5.0,10.0,175.0,247.0,49.0,888.0,1999,1999
1990s,1992-379,Prague,Clay,32,A,19920810,11,101691,,Q,Florian Krumrey,R,190.0,GER,22.5,100727,,,Raul Antonio Viver,L,190.0,ECU,31.4,6-4 2-6 7-6(2),3,R32,147.0,2.0,3.0,103.0,48.0,30.0,20.0,15.0,3.0,11.0,2.0,3.0,90.0,71.0,42.0,6.0,15.0,4.0,11.0,248.0,107.0,142.0,256.0,1992,1992
1990s,1997-520,Roland Garros,Clay,128,G,19970526,46,102839,,Q,Nicolas Lapentti,R,188.0,ECU,20.7,101775,,LL,Frederik Fetterlein,R,190.0,DEN,26.8,6-4 6-1 6-2,5,R128,110.0,6.0,2.0,74.0,55.0,47.0,9.0,13.0,1.0,3.0,1.0,9.0,99.0,41.0,23.0,22.0,12.0,9.0,16.0,98.0,462.0,129.0,342.0,1997,1997
2000s,2004-321,Stuttgart,Clay,48,A,20040712,47,103084,,,Guillermo Canas,R,185.0,ARG,26.6,103292,2.0,,Gaston Gaudio,R,175.0,ARG,25.5,5-7 6-2 6-0 1-6 6-3,5,F,220.0,14.0,6.0,141.0,85.0,57.0,24.0,21.0,12.0,19.0,1.0,1.0,142.0,93.0,53.0,19.0,21.0,10.0,20.0,70.0,564.0,11.0,1745.0,2004,2004
2000s,2003-328,Basel,Carpet,32,A,20031020,30,103909,3.0,,Guillermo Coria,R,175.0,ARG,21.7,103344,,,Ivan Ljubicic,R,193.0,CRO,24.5,6-4 6-4,3,SF,77.0,3.0,0.0,59.0,35.0,26.0,17.0,10.0,4.0,4.0,11.0,2.0,56.0,36.0,25.0,12.0,10.0,2.0,4.0,5.0,2965.0,47.0,795.0,2003,2003
2000s,2003-311,Queen's Club,Grass,56,A,20030609,37,103598,8.0,,Xavier Malisse,R,185.0,BEL,22.8,103333,,Q,Ivo Karlovic,R,208.0,CRO,24.2,6-3 7-6(3),3,R32,77.0,8.0,2.0,56.0,30.0,29.0,20.0,11.0,0.0,0.0,14.0,11.0,89.0,48.0,39.0,15.0,10.0,12.0,13.0,32.0,1025.0,208.0,169.0,2003,2003
2010s,2016-6120,Nice,Clay,32,A,20160516,295,105311,5.0,,Joao Sousa,R,185.0,POR,27.1,104731,3.0,,Kevin Anderson,R,203.0,RSA,29.9,7-5 7-5,3,QF,97.0,2.0,1.0,71.0,43.0,35.0,19.0,12.0,6.0,6.0,10.0,2.0,73.0,43.0,32.0,17.0,12.0,4.0,6.0,28.0,1335.0,20.0,1795.0,2016,2016
2010s,2016-0322,Geneva,Clay,32,A,20160516,276,105064,,,Thomaz Bellucci,L,188.0,BRA,28.3,105062,,,Mikhail Kukushkin,R,183.0,KAZ,28.3,6-2 6-1,3,R32,67.0,3.0,1.0,52.0,30.0,21.0,16.0,8.0,3.0,3.0,1.0,1.0,47.0,29.0,14.0,9.0,7.0,3.0,7.0,39.0,1055.0,81.0,699.0,2016,2016
2010s,2014-425,Barcelona,Clay,48,A,20140421,33,104745,1.0,,Rafael Nadal,L,185.0,ESP,27.8,104471,,,Ivan Dodig,R,183.0,CRO,29.2,6-3 6-3,3,R16,84.0,1.0,0.0,48.0,36.0,25.0,9.0,9.0,0.0,1.0,5.0,3.0,57.0,32.0,21.0,9.0,9.0,4.0,8.0,1.0,13310.0,37.0,1110.0,2014,2014
2020s,2024-1536,Madrid Masters,Clay,128,M,20240422,224,211663,,WC,Joao Fonseca,R,185.0,BRA,17.6,210506,,,Alex Michelsen,R,193.0,USA,19.6,4-6 6-0 6-2,3,R128,121.0,3.0,0.0,82.0,56.0,35.0,17.0,12.0,7.0,9.0,2.0,0.0,83.0,55.0,31.0,11.0,12.0,5.0,11.0,242.0,241.0,70.0,799.0,2024,2024
2020s,2023-540,Wimbledon,Grass,128,G,20230703,162,111442,,,Jordan Thompson,R,183.0,AUS,29.2,206909,,,Brandon Nakashima,R,188.0,USA,21.9,2-6 2-6 6-4 7-6(4) 6-3,5,R128,210.0,16.0,2.0,137.0,85.0,59.0,32.0,25.0,4.0,9.0,11.0,2.0,141.0,88.0,65.0,30.0,23.0,4.0,7.0,70.0,769.0,55.0,855.0,2023,2023
2020s,2023-5014,Shanghai Masters,Hard,128,M,20231002,266,111575,13.0,,Karen Khachanov,R,198.0,RUS,27.3,202320,,Q,Beibit Zhukayev,R,198.0,KAZ,22.9,7-6(1) 4-6 6-2,3,R64,122.0,9.0,1.0,73.0,47.0,41.0,19.0,15.0,0.0,1.0,20.0,4.0,90.0,60.0,51.0,9.0,15.0,2.0,4.0,14.0,2385.0,302.0,186.0,2023,2023
