ranking_date,player_id,name,official_rank,official_points,same_table_rank,same_table_points,mean_rank,median_rank,mean_points,p_top10
2025-01-06,206173,Jannik Sinner,1,11830,1,12230,1.0,1.0,12230,1.0
2025-01-06,100644,Alexander Zverev,2,7635,2,7580,2.0,2.0,7580,1.0
2025-01-06,207989,Carlos Alcaraz,3,7010,3,7010,3.0,3.0,7010,1.0
2025-01-06,126203,Taylor Fritz,4,5350,4,5055,4.0,4.0,5055,1.0
2025-01-06,106421,Daniil Medvedev,5,5030,5,5030,5.0,5.0,5030,1.0
2025-01-06,134770,Casper Ruud,6,4210,6,4135,6.0,6.0,4135,1.0
2025-01-06,104925,Novak Djokovic,7,3900,7,3900,7.0,7.0,4036,1.0
2025-01-06,200282,Alex De Minaur,8,3535,9,3490,9.0,9.0,3490,1.0
2025-01-06,126094,Andrey Rublev,9,3520,8,3550,8.0,8.0,3676,1.0
2025-01-06,105777,Grigor Dimitrov,10,3200,10,3200,10.7265,10.0,3211,0.5311
2025-01-06,126774,Stefanos Tsitsipas,11,3195,11,3170,10.5311,11.0,3170,0.4689
2025-01-06,126205,Tommy Paul,12,3145,12,3145,11.771,12.0,3145,0.0
2025-01-06,208029,Holger Rune,13,2910,13,2920,12.954,13.0,2957,0.0112
2025-01-06,200005,Ugo Humbert,14,2765,14,2750,14.044,14.0,2750,0.0
2025-01-06,207733,Jack Draper,15,2685,15,2695,15.0777,15.0,2695,0.0
2025-01-06,207518,Lorenzo Musetti,16,2600,17,2525,17.6003,18.0,2523,0.0
2025-01-06,126207,Frances Tiafoe,17,2560,16,2615,16.0841,16.0,2633,0.0
2025-01-06,128034,Hubert Hurkacz,18,2555,18,2500,17.8613,18.0,2500,0.0
2025-01-06,111575,Karen Khachanov,19,2410,19,2410,18.3538,19.0,2476,0.0
2025-01-06,209950,Arthur Fils,20,2355,21,2260,20.8457,21.0,2282,0.0
2025-01-06,210097,Ben Shelton,21,2330,20,2380,20.0936,20.0,2380,0.0
2025-01-06,200624,Sebastian Korda,22,1985,22,2010,22.0284,22.0,2010,0.0
2025-01-06,126214,Alejandro Tabilo,23,1943,25,1800,23.6364,24.0,1841,0.0
2025-01-06,208103,Jiri Lehecka,24,1910,23,1910,27.0496,28.0,1694,0.0
2025-01-06,200615,Alexei Popyrin,25,1840,24,1815,23.4368,23.0,1845,0.0
2025-01-06,207830,Tomas Machac,26,1805,27,1705,25.5846,26.0,1705,0.0
2025-01-06,111442,Jordan Thompson,27,1695,26,1750,25.9315,26.0,1716,0.0
2025-01-06,202104,Sebastian Baez,28,1690,28,1700,26.5846,27.0,1700,0.0
2025-01-06,200000,Felix Auger Aliassime,29,1680,29,1645,29.0,29.0,1645,0.0
2025-01-06,208659,Giovanni Mpetshi Perricard,30,1651,39,1265,40.215,41.0,1202,0.0
2025-01-13,206173,Jannik Sinner,1,11830,1,12230,1.0,1.0,12230,1.0
2025-01-13,100644,Alexander Zverev,2,7635,2,7580,2.0,2.0,7580,1.0
2025-01-13,207989,Carlos Alcaraz,3,7010,3,7010,3.0,3.0,7010,1.0
2025-01-13,126203,Taylor Fritz,4,5350,4,5055,4.0,4.0,5055,1.0
2025-01-13,106421,Daniil Medvedev,5,5030,5,5030,5.0,5.0,5030,1.0
2025-01-13,134770,Casper Ruud,6,4210,6,4135,6.0,6.0,4135,1.0
2025-01-13,104925,Novak Djokovic,7,3900,7,3900,7.0,7.0,4036,1.0
2025-01-13,200282,Alex De Minaur,8,3535,9,3490,9.0,9.0,3490,1.0
2025-01-13,126094,Andrey Rublev,9,3520,8,3550,8.0,8.0,3676,1.0
2025-01-13,105777,Grigor Dimitrov,10,3200,10,3200,10.9603,11.0,3211,0.4071
2025-01-13,126205,Tommy Paul,11,3195,11,3195,10.8604,11.0,3227,0.4358
2025-01-13,126774,Stefanos Tsitsipas,12,3195,12,3170,11.1959,11.0,3170,0.1571
2025-01-13,208029,Holger Rune,13,2910,13,2920,12.966,13.0,2957,0.0032
2025-01-13,200005,Ugo Humbert,14,2765,14,2750,14.044,14.0,2750,0.0
2025-01-13,207518,Lorenzo Musetti,15,2600,18,2475,18.2486,18.0,2473,0.0
2025-01-13,126207,Frances Tiafoe,16,2560,15,2615,15.0703,15.0,2633,0.0
2025-01-13,128034,Hubert Hurkacz,17,2555,17,2500,17.8053,18.0,2500,0.0
2025-01-13,207733,Jack Draper,18,2530,16,2530,16.2911,16.0,2530,0.0
2025-01-13,111575,Karen Khachanov,19,2410,19,2410,18.2431,19.0,2476,0.0
2025-01-13,210097,Ben Shelton,20,2280,20,2280,19.1049,20.0,2383,0.0
2025-01-13,209950,Arthur Fils,21,2280,21,2160,21.0143,21.0,2182,0.0
2025-01-13,200624,Sebastian Korda,22,2065,22,2075,21.9549,22.0,2001,0.0
2025-01-13,200000,Felix Auger Aliassime,23,1905,23,1895,25.7221,26.0,1745,0.0
2025-01-13,200615,Alexei Popyrin,24,1840,24,1815,23.3211,23.0,1845,0.0
2025-01-13,207830,Tomas Machac,25,1805,26,1705,25.7032,26.0,1705,0.0
2025-01-13,126214,Alejandro Tabilo,26,1705,30,1550,27.276,28.0,1675,0.0
2025-01-13,111442,Jordan Thompson,27,1695,25,1725,27.1976,27.0,1691,0.0
2025-01-13,202104,Sebastian Baez,28,1690,27,1700,25.6038,26.0,1731,0.0
2025-01-13,208103,Jiri Lehecka,29,1660,28,1660,31.5783,31.0,1444,0.0
2025-01-13,208659,Giovanni Mpetshi Perricard,30,1651,40,1265,41.277,42.0,1202,0.0
2025-01-27,206173,Jannik Sinner,1,11830,1,12230,1.0,1.0,11685,1.0
2025-01-27,100644,Alexander Zverev,2,8135,2,8080,2.4256,2.0,7614,1.0
2025-01-27,207989,Carlos Alcaraz,3,7010,3,7010,2.5744,3.0,7424,1.0
2025-01-27,126203,Taylor Fritz,4,5050,4,4755,4.1309,4.0,5070,1.0
2025-01-27,134770,Casper Ruud,5,4160,5,4085,5.7246,6.0,4166,1.0
2025-01-27,104925,Novak Djokovic,6,3900,6,3900,7.6142,8.0,3882,0.8976
2025-01-27,106421,Daniil Medvedev,7,3780,7,3780,6.6064,7.0,3979,1.0
2025-01-27,200282,Alex De Minaur,8,3735,8,3690,8.4571,8.0,3647,0.9331
2025-01-27,126205,Tommy Paul,9,3495,9,3495,9.3844,10.0,3496,0.6946
2025-01-27,126094,Andrey Rublev,10,3130,10,3160,8.6442,9.0,3595,0.843
2025-01-27,105777,Grigor Dimitrov,11,3110,11,3110,10.1548,11.0,3358,0.4667
2025-01-27,208029,Holger Rune,12,3060,12,3070,13.0727,13.0,2960,0.0044
2025-01-27,126774,Stefanos Tsitsipas,13,3005,13,2980,11.9686,12.0,3097,0.0762
2025-01-27,210097,Ben Shelton,14,2980,13,2980,18.8185,19.0,2363,0.0027
2025-01-27,200005,Ugo Humbert,15,2865,15,2850,14.0394,14.0,2838,0.0483
2025-01-27,207733,Jack Draper,16,2680,16,2680,15.6588,16.0,2654,0.0165
2025-01-27,207518,Lorenzo Musetti,17,2650,18,2525,17.5483,18.0,2476,0.0004
2025-01-27,126207,Frances Tiafoe,18,2560,17,2615,15.4465,16.0,2680,0.0185
2025-01-27,209950,Arthur Fils,19,2330,20,2210,20.4091,21.0,2212,0.0008
2025-01-27,111575,Karen Khachanov,20,2310,19,2310,17.8844,18.0,2443,0.0065
2025-01-27,128034,Hubert Hurkacz,21,2205,21,2150,20.1493,20.0,2242,0.0081
2025-01-27,200624,Sebastian Korda,22,2015,22,2025,22.4086,22.0,1992,0.0002
2025-01-27,200000,Felix Auger Aliassime,23,1855,23,1845,25.5109,25.0,1807,0.0028
2025-01-27,208103,Jiri Lehecka,24,1810,24,1810,30.8824,31.0,1520,0.0003
2025-01-27,207830,Tomas Machac,25,1805,27,1705,27.0898,27.0,1683,0.0
2025-01-27,200615,Alexei Popyrin,26,1800,25,1775,23.3398,23.0,1892,0.0003
2025-01-27,126214,Alejandro Tabilo,27,1705,30,1550,26.1704,26.0,1740,0.0
2025-01-27,111442,Jordan Thompson,28,1695,26,1725,26.4893,26.0,1708,0.0
2025-01-27,202103,Francisco Cerundolo,29,1670,28,1680,26.9688,27.0,1700,0.0
2025-01-27,208659,Giovanni Mpetshi Perricard,30,1645,40,1275,38.4096,39.0,1286,0.0
2025-02-03,206173,Jannik Sinner,1,11830,1,12230,1.0,1.0,11685,1.0
2025-02-03,100644,Alexander Zverev,2,8135,2,8080,2.4256,2.0,7614,1.0
2025-02-03,207989,Carlos Alcaraz,3,7010,3,7010,2.5744,3.0,7424,1.0
2025-02-03,126203,Taylor Fritz,4,5050,4,4755,4.1333,4.0,5070,1.0
2025-02-03,134770,Casper Ruud,5,4160,5,4085,5.7652,6.0,4166,1.0
2025-02-03,104925,Novak Djokovic,6,3900,6,3900,7.6894,8.0,3882,0.8891
2025-02-03,106421,Daniil Medvedev,7,3780,7,3780,6.653,7.0,3979,1.0
2025-02-03,200282,Alex De Minaur,8,3735,8,3690,8.5691,9.0,3647,0.9256
2025-02-03,126205,Tommy Paul,9,3495,9,3495,9.4585,10.0,3496,0.6826
2025-02-03,126094,Andrey Rublev,10,3220,10,3260,8.1655,8.0,3690,0.9098
2025-02-03,105777,Grigor Dimitrov,11,3110,11,3110,10.2212,11.0,3358,0.4365
2025-02-03,126774,Stefanos Tsitsipas,12,3005,12,2980,11.9043,12.0,3097,0.0692
2025-02-03,210097,Ben Shelton,13,2980,12,2980,18.8228,19.0,2363,0.0025
2025-02-03,208029,Holger Rune,14,2970,14,2970,13.5803,13.0,2860,0.001
2025-02-03,200005,Ugo Humbert,15,2865,15,2850,13.8068,14.0,2838,0.0466
2025-02-03,207733,Jack Draper,16,2680,16,2680,15.6257,16.0,2654,0.0162
2025-02-03,207518,Lorenzo Musetti,17,2650,18,2525,17.5495,18.0,2476,0.0003
2025-02-03,126207,Frances Tiafoe,18,2560,17,2615,15.4203,16.0,2680,0.016
2025-02-03,209950,Arthur Fils,19,2330,20,2210,20.4227,21.0,2212,0.0007
2025-02-03,111575,Karen Khachanov,20,2310,19,2310,17.8765,18.0,2443,0.0065
2025-02-03,128034,Hubert Hurkacz,21,2205,21,2150,20.157,20.0,2242,0.0076
2025-02-03,200624,Sebastian Korda,22,2015,22,2025,22.4554,22.0,1992,0.0002
2025-02-03,200000,Felix Auger Aliassime,23,2005,23,1995,24.9898,25.0,1842,0.0029
2025-02-03,208103,Jiri Lehecka,24,1810,24,1810,30.7858,31.0,1520,0.0003
2025-02-03,207830,Tomas Machac,25,1805,27,1705,27.2039,27.0,1683,0.0
2025-02-03,200615,Alexei Popyrin,26,1800,25,1775,23.4138,24.0,1892,0.0003
2025-02-03,126214,Alejandro Tabilo,27,1705,30,1550,26.239,26.0,1740,0.0
2025-02-03,111442,Jordan Thompson,28,1695,26,1725,26.5766,27.0,1708,0.0
2025-02-03,202103,Francisco Cerundolo,29,1670,28,1680,27.0237,27.0,1700,0.0
2025-02-03,208659,Giovanni Mpetshi Perricard,30,1645,39,1275,37.9343,38.0,1286,0.0
2025-02-10,206173,Jannik Sinner,1,11830,1,12230,1.0,1.0,11685,1.0
2025-02-10,100644,Alexander Zverev,2,8135,2,8080,2.4968,2.0,7614,1.0
2025-02-10,207989,Carlos Alcaraz,3,7510,3,7510,2.5057,3.0,7729,1.0
2025-02-10,126203,Taylor Fritz,4,5100,4,4805,4.1383,4.0,5260,1.0
2025-02-10,134770,Casper Ruud,5,4480,5,4415,5.8099,6.0,4311,1.0
2025-02-10,200282,Alex De Minaur,6,4015,6,4020,7.795,8.0,3876,0.9817
2025-02-10,104925,Novak Djokovic,7,3900,7,3900,8.0724,8.0,3882,0.89
2025-02-10,106421,Daniil Medvedev,8,3830,8,3830,6.6408,7.0,4142,1.0
2025-02-10,126205,Tommy Paul,9,3445,9,3445,9.545,10.0,3522,0.7271
2025-02-10,126094,Andrey Rublev,10,3270,10,3360,8.0467,8.0,3805,0.9582
2025-02-10,126774,Stefanos Tsitsipas,11,3095,11,3080,11.3358,11.0,3185,0.1779
2025-02-10,208029,Holger Rune,12,3010,12,3020,13.1987,13.0,2913,0.0083
2025-02-10,105777,Grigor Dimitrov,13,2945,13,2945,11.2993,12.0,3193,0.1903
2025-02-10,210097,Ben Shelton,14,2930,14,2930,18.7612,19.0,2366,0.0037
2025-02-10,207733,Jack Draper,15,2680,15,2680,15.2756,15.0,2654,0.017
2025-02-10,207518,Lorenzo Musetti,16,2650,18,2500,17.5961,18.0,2451,0.0004
2025-02-10,200005,Ugo Humbert,17,2625,17,2600,16.0146,16.0,2588,0.0131
2025-02-10,126207,Frances Tiafoe,18,2560,16,2615,14.3871,14.0,2751,0.0216
2025-02-10,209950,Arthur Fils,19,2355,19,2260,19.083,19.0,2328,0.001
2025-02-10,128034,Hubert Hurkacz,20,2305,20,2250,20.1138,21.0,2251,0.0069
2025-02-10,111575,Karen Khachanov,21,2210,21,2210,18.9167,19.0,2343,0.0049
2025-02-10,200000,Felix Auger Aliassime,22,2005,23,1970,24.2913,24.0,1909,0.004
2025-02-10,200624,Sebastian Korda,23,2000,22,2000,22.9746,23.0,1967,0.0002
2025-02-10,207830,Tomas Machac,24,1855,26,1755,26.7055,27.0,1720,0.0
2025-02-10,208103,Jiri Lehecka,25,1835,24,1835,30.6228,31.0,1555,0.0003
2025-02-10,200615,Alexei Popyrin,26,1800,25,1775,23.3564,24.0,1927,0.0002
2025-02-10,126214,Alejandro Tabilo,27,1705,29,1550,26.4004,26.0,1740,0.0
2025-02-10,202103,Francisco Cerundolo,28,1670,27,1680,27.091,27.0,1700,0.0
2025-02-10,111442,Jordan Thompson,29,1655,28,1675,28.0613,28.0,1658,0.0
2025-02-10,208659,Giovanni Mpetshi Perricard,30,1580,40,1275,38.3542,39.0,1286,0.0
2025-02-17,206173,Jannik Sinner,1,11330,1,11730,1.0,1.0,11185,1.0
2025-02-17,100644,Alexander Zverev,2,8135,2,8130,2.4282,2.0,7759,1.0
2025-02-17,207989,Carlos Alcaraz,3,7410,3,7410,2.5734,3.0,7629,1.0
2025-02-17,126203,Taylor Fritz,4,4900,4,4605,4.1935,4.0,5172,1.0
2025-02-17,134770,Casper Ruud,5,4480,5,4415,5.8119,6.0,4311,1.0
2025-02-17,106421,Daniil Medvedev,6,3930,6,3930,6.0408,6.0,4279,1.0
2025-02-17,104925,Novak Djokovic,7,3900,7,3900,7.6171,8.0,3882,0.9507
2025-02-17,200282,Alex De Minaur,8,3735,8,3690,8.8608,9.0,3546,0.8638
2025-02-17,126205,Tommy Paul,9,3280,9,3280,9.9259,10.0,3357,0.6284
2025-02-17,126094,Andrey Rublev,10,3220,10,3260,8.078,8.0,3705,0.9501
2025-02-17,126774,Stefanos Tsitsipas,11,3095,11,3080,10.7286,11.0,3185,0.3591
2025-02-17,208029,Holger Rune,12,2970,12,2970,12.7061,13.0,2921,0.0319
2025-02-17,210097,Ben Shelton,13,2930,13,2930,19.0192,20.0,2366,0.0068
2025-02-17,200005,Ugo Humbert,14,2865,14,2850,15.2023,15.0,2678,0.0329
2025-02-17,105777,Grigor Dimitrov,15,2745,15,2745,12.2415,13.0,2993,0.1178
2025-02-17,207733,Jack Draper,16,2680,16,2680,15.4335,16.0,2654,0.0246
2025-02-17,207518,Lorenzo Musetti,17,2650,17,2550,16.988,17.0,2526,0.0014
2025-02-17,126207,Frances Tiafoe,18,2485,18,2515,15.5431,16.0,2651,0.0222
2025-02-17,209950,Arthur Fils,19,2355,19,2260,19.4049,20.0,2328,0.0013
2025-02-17,128034,Hubert Hurkacz,20,2265,21,2200,19.935,20.0,2285,0.0092
2025-02-17,111575,Karen Khachanov,21,2210,20,2210,18.3455,19.0,2418,0.0071
2025-02-17,200624,Sebastian Korda,22,2000,22,2000,22.4962,22.0,2030,0.0002
2025-02-17,200000,Felix Auger Aliassime,23,1965,23,1920,25.2111,25.0,1859,0.0048
2025-02-17,207830,Tomas Machac,24,1855,27,1755,26.7745,27.0,1720,0.0
2025-02-17,208103,Jiri Lehecka,25,1835,25,1835,30.4965,31.0,1555,0.0003
2025-02-17,202103,Francisco Cerundolo,26,1825,24,1845,26.1732,26.0,1749,0.0
2025-02-17,200615,Alexei Popyrin,27,1800,26,1775,23.5434,24.0,1927,0.0004
2025-02-17,126214,Alejandro Tabilo,28,1690,29,1525,26.2214,26.0,1755,0.0
2025-02-17,111442,Jordan Thompson,29,1615,28,1625,29.1694,29.0,1608,0.0
2025-02-17,208659,Giovanni Mpetshi Perricard,30,1580,38,1275,37.334,38.0,1286,0.0001
2025-02-24,206173,Jannik Sinner,1,11330,1,11730,1.0,1.0,11185,1.0
2025-02-24,100644,Alexander Zverev,2,8135,2,8130,2.4631,2.0,7935,1.0
2025-02-24,207989,Carlos Alcaraz,3,7510,3,7510,2.5367,3.0,7889,1.0
2025-02-24,126203,Taylor Fritz,4,4900,4,4605,4.2537,4.0,5172,1.0
2025-02-24,134770,Casper Ruud,5,4325,5,4250,6.528,6.0,4146,1.0
2025-02-24,106421,Daniil Medvedev,6,4030,6,4030,5.7829,6.0,4384,1.0
2025-02-24,104925,Novak Djokovic,7,3900,7,3900,7.1953,7.0,4090,0.9702
2025-02-24,200282,Alex De Minaur,8,3785,8,3790,8.1822,8.0,3785,0.9435
2025-02-24,126094,Andrey Rublev,9,3670,9,3710,8.1941,8.0,3768,0.9474
2025-02-24,126205,Tommy Paul,10,3280,10,3280,10.2209,10.0,3357,0.589
2025-02-24,126774,Stefanos Tsitsipas,11,3005,12,2980,11.3259,11.0,3129,0.2213
2025-02-24,207733,Jack Draper,12,3000,11,3010,14.4901,15.0,2753,0.03
2025-02-24,208029,Holger Rune,13,2970,13,2970,12.8831,13.0,2921,0.0282
2025-02-24,210097,Ben Shelton,14,2930,14,2930,18.7777,19.0,2366,0.0057
2025-02-24,200005,Ugo Humbert,15,2825,15,2800,15.7861,16.0,2628,0.0243
2025-02-24,105777,Grigor Dimitrov,16,2745,16,2745,11.6226,12.0,3106,0.2075
2025-02-24,207518,Lorenzo Musetti,17,2650,17,2550,16.8379,17.0,2526,0.0012
2025-02-24,126207,Frances Tiafoe,18,2485,18,2515,15.5194,16.0,2651,0.0198
2025-02-24,209950,Arthur Fils,19,2355,19,2260,19.1326,19.0,2328,0.0013
2025-02-24,128034,Hubert Hurkacz,20,2265,20,2200,19.6913,20.0,2285,0.008
2025-02-24,200000,Felix Auger Aliassime,21,2155,21,2120,23.568,24.0,1960,0.0057
2025-02-24,208103,Jiri Lehecka,22,2035,22,2035,28.8753,29.0,1588,0.0002
2025-02-24,200624,Sebastian Korda,23,2000,23,2000,22.4513,23.0,2030,0.0002
2025-02-24,111575,Karen Khachanov,24,1960,24,1960,20.4339,21.0,2213,0.0045
2025-02-24,207830,Tomas Machac,25,1855,25,1755,26.6012,27.0,1720,0.0
2025-02-24,202103,Francisco Cerundolo,26,1725,26,1745,27.1985,28.0,1696,0.0
2025-02-24,200615,Alexei Popyrin,27,1700,27,1675,24.6081,25.0,1850,0.0002
2025-02-24,126214,Alejandro Tabilo,28,1690,28,1525,25.3549,25.0,1804,0.0
2025-02-24,208659,Giovanni Mpetshi Perricard,29,1580,38,1275,36.6939,37.0,1286,0.0
2025-02-24,126610,Matteo Berrettini,30,1530,31,1460,27.72,28.0,1673,0.003
2025-03-03,206173,Jannik Sinner,1,11330,1,11730,1.0006,1.0,11185,1.0
2025-03-03,100644,Alexander Zverev,2,8135,2,8180,2.3523,2.0,8252,1.0
2025-03-03,207989,Carlos Alcaraz,3,7510,3,7510,2.6433,3.0,7889,1.0
2025-03-03,126203,Taylor Fritz,4,4900,4,4605,4.2438,4.0,5172,1.0
2025-03-03,134770,Casper Ruud,5,4045,5,3970,7.1264,7.0,3931,0.9994
2025-03-03,106421,Daniil Medvedev,6,3930,6,3930,5.7518,6.0,4346,1.0
2025-03-03,104925,Novak Djokovic,7,3900,7,3900,7.0087,7.0,4090,0.9643
2025-03-03,126094,Andrey Rublev,8,3480,8,3510,8.321,8.0,3710,0.8724
2025-03-03,126774,Stefanos Tsitsipas,9,3405,9,3380,11.4951,12.0,3101,0.1831
2025-03-03,200282,Alex De Minaur,10,3335,11,3290,9.331,9.0,3518,0.7056
2025-03-03,126205,Tommy Paul,11,3330,10,3330,8.9768,9.0,3578,0.784
2025-03-03,210097,Ben Shelton,12,2880,12,2880,18.0769,18.0,2369,0.0061
2025-03-03,208029,Holger Rune,13,2820,13,2820,13.6066,14.0,2777,0.0085
2025-03-03,207733,Jack Draper,14,2810,14,2810,15.8813,16.0,2553,0.0163
2025-03-03,105777,Grigor Dimitrov,15,2745,15,2745,10.5363,11.0,3275,0.4068
2025-03-03,207518,Lorenzo Musetti,16,2650,16,2550,16.0285,16.0,2526,0.0013
2025-03-03,126207,Frances Tiafoe,17,2485,17,2515,14.499,14.0,2693,0.026
2025-03-03,200000,Felix Auger Aliassime,18,2455,18,2450,21.6688,22.0,2105,0.0107
2025-03-03,200005,Ugo Humbert,19,2375,19,2350,20.038,20.0,2209,0.0056
2025-03-03,207830,Tomas Machac,20,2330,20,2255,26.4023,27.0,1763,0.0
2025-03-03,209950,Arthur Fils,21,2330,21,2210,18.3599,19.0,2336,0.0018
2025-03-03,128034,Hubert Hurkacz,22,2165,22,2100,20.3401,21.0,2185,0.0069
2025-03-03,111575,Karen Khachanov,23,1960,23,1960,19.3162,20.0,2263,0.0058
2025-03-03,208103,Jiri Lehecka,24,1935,24,1935,30.29,31.0,1543,0.0004
2025-03-03,200624,Sebastian Korda,25,1900,25,1900,23.7695,24.0,1930,0.0003
2025-03-03,202103,Francisco Cerundolo,26,1775,26,1845,25.9564,26.0,1797,0.0
2025-03-03,200615,Alexei Popyrin,27,1750,27,1725,24.4821,25.0,1883,0.0003
2025-03-03,133430,Denis Shapovalov,28,1696,28,1665,35.6857,36.0,1369,0.0009
2025-03-03,126610,Matteo Berrettini,29,1620,29,1560,26.6556,27.0,1763,0.004
2025-03-03,208659,Giovanni Mpetshi Perricard,30,1616,37,1325,35.5633,36.0,1339,0.0
2025-03-17,206173,Jannik Sinner,1,11330,1,11330,1.0254,1.0,10785,1.0
2025-03-17,100644,Alexander Zverev,2,7945,2,7990,2.117,2.0,8472,1.0
2025-03-17,207989,Carlos Alcaraz,3,6910,3,6910,2.8822,3.0,7210,1.0
2025-03-17,126203,Taylor Fritz,4,4900,4,4605,4.2102,4.0,5325,1.0
2025-03-17,104925,Novak Djokovic,5,3860,5,3860,6.0664,6.0,4397,0.9839
2025-03-17,134770,Casper Ruud,6,3855,7,3780,7.3786,7.0,3854,0.9903
2025-03-17,207733,Jack Draper,7,3800,6,3800,15.1109,15.0,2666,0.0417
2025-03-17,106421,Daniil Medvedev,8,3680,8,3680,7.4103,7.0,3910,0.9446
2025-03-17,126094,Andrey Rublev,9,3440,9,3470,7.8011,8.0,3807,0.907
2025-03-17,126774,Stefanos Tsitsipas,10,3405,10,3380,11.5373,12.0,3087,0.2046
2025-03-17,200282,Alex De Minaur,11,3335,11,3290,9.0348,9.0,3564,0.7343
2025-03-17,208029,Holger Rune,12,3270,12,3270,15.2237,15.0,2631,0.0056
2025-03-17,126205,Tommy Paul,13,3030,13,3030,9.6536,10.0,3453,0.6169
2025-03-17,210097,Ben Shelton,14,2980,14,2980,18.8091,19.0,2355,0.008
2025-03-17,105777,Grigor Dimitrov,15,2745,15,2745,10.3336,11.0,3302,0.4664
2025-03-17,207518,Lorenzo Musetti,16,2650,16,2550,16.2151,16.0,2550,0.0046
2025-03-17,126207,Frances Tiafoe,17,2485,17,2515,14.4861,14.0,2718,0.0396
2025-03-17,209950,Arthur Fils,18,2480,19,2360,18.5339,19.0,2372,0.0054
2025-03-17,200000,Felix Auger Aliassime,19,2415,18,2410,21.1029,22.0,2195,0.0187
2025-03-17,200005,Ugo Humbert,20,2375,20,2350,19.8074,20.0,2279,0.0106
2025-03-17,207830,Tomas Machac,21,2310,21,2235,26.3905,27.0,1798,0.0
2025-03-17,128034,Hubert Hurkacz,22,2205,22,2140,19.9551,20.0,2266,0.0102
2025-03-17,111575,Karen Khachanov,23,2000,23,2000,18.9654,19.0,2342,0.011
2025-03-17,202103,Francisco Cerundolo,24,1925,24,1995,26.525,27.0,1795,0.0
2025-03-17,200624,Sebastian Korda,25,1860,25,1860,24.4463,24.0,1927,0.0004
2025-03-17,200615,Alexei Popyrin,26,1800,26,1775,24.4547,25.0,1927,0.0003
2025-03-17,208103,Jiri Lehecka,27,1745,27,1745,34.0503,34.0,1405,0.0002
2025-03-17,133430,Denis Shapovalov,28,1716,28,1685,34.8141,35.0,1419,0.0011
2025-03-17,208659,Giovanni Mpetshi Perricard,29,1656,35,1375,34.2382,35.0,1398,0.0
2025-03-17,126610,Matteo Berrettini,30,1580,29,1610,24.0711,25.0,1975,0.0081
2025-03-31,206173,Jannik Sinner,1,10330,1,10330,1.1644,1.0,9785,1.0
2025-03-31,100644,Alexander Zverev,2,7645,2,7690,2.0887,2.0,8459,1.0
2025-03-31,207989,Carlos Alcaraz,3,6720,3,6720,2.801,3.0,7448,1.0
2025-03-31,126203,Taylor Fritz,4,5290,4,4995,4.2488,4.0,5540,1.0
2025-03-31,104925,Novak Djokovic,5,4510,5,4510,5.5611,5.0,4734,0.9949
2025-03-31,134770,Casper Ruud,6,3855,6,3780,7.5669,8.0,3869,0.9839
2025-03-31,207733,Jack Draper,7,3780,6,3780,13.7687,14.0,2837,0.1201
2025-03-31,126774,Stefanos Tsitsipas,8,3445,9,3420,11.0334,11.0,3174,0.3186
2025-03-31,126094,Andrey Rublev,9,3440,8,3470,7.6738,7.0,3892,0.9341
2025-03-31,200282,Alex De Minaur,10,3335,10,3290,8.7713,9.0,3666,0.7779
2025-03-31,106421,Daniil Medvedev,11,3290,10,3290,8.5208,8.5,3711,0.8075
2025-03-31,208029,Holger Rune,12,3270,12,3270,14.8063,15.0,2687,0.014
2025-03-31,126205,Tommy Paul,13,3070,13,3070,8.7062,9.0,3681,0.7722
2025-03-31,210097,Ben Shelton,14,2940,14,2940,18.4388,19.0,2405,0.015
2025-03-31,209950,Arthur Fils,15,2670,16,2550,17.9166,18.0,2437,0.0117
2025-03-31,207518,Lorenzo Musetti,16,2650,16,2550,16.9278,17.0,2508,0.0059
2025-03-31,126207,Frances Tiafoe,17,2525,15,2555,14.1611,14.0,2764,0.0545
2025-03-31,105777,Grigor Dimitrov,18,2495,18,2495,14.729,15.0,2761,0.1105
2025-03-31,200000,Felix Auger Aliassime,19,2415,19,2430,19.974,20.0,2306,0.0379
2025-03-31,200005,Ugo Humbert,20,2335,20,2310,19.6653,20.0,2308,0.015
2025-03-31,207830,Tomas Machac,21,2210,22,2135,28.7543,29.0,1661,0.0
2025-03-31,128034,Hubert Hurkacz,22,2105,23,2040,21.5012,22.0,2166,0.0074
2025-03-31,202103,Francisco Cerundolo,23,2075,21,2145,26.5676,27.0,1805,0.0001
2025-03-31,210150,Jakub Mensik,24,2032,26,1900,50.7865,52.0,949,0.0
2025-03-31,200624,Sebastian Korda,25,2010,24,2010,24.1429,24.0,1966,0.0003
2025-03-31,111575,Karen Khachanov,26,1950,25,1950,19.47,20.0,2317,0.011
2025-03-31,126610,Matteo Berrettini,27,1770,27,1800,21.9706,23.0,2148,0.022
2025-03-31,200615,Alexei Popyrin,28,1760,29,1735,24.7231,25.0,1925,0.0004
2025-03-31,208103,Jiri Lehecka,29,1745,28,1745,33.1344,33.0,1455,0.0002
2025-03-31,133430,Denis Shapovalov,30,1716,30,1685,33.5395,34.0,1485,0.002
2025-04-07,206173,Jannik Sinner,1,10330,1,10330,1.1644,1.0,9785,1.0
2025-04-07,100644,Alexander Zverev,2,7645,2,7690,2.0887,2.0,8459,1.0
2025-04-07,207989,Carlos Alcaraz,3,6720,3,6720,2.8012,3.0,7448,1.0
2025-04-07,126203,Taylor Fritz,4,5290,4,4995,4.2548,4.0,5540,1.0
2025-04-07,104925,Novak Djokovic,5,4510,5,4510,5.5697,5.0,4734,0.9951
2025-04-07,207733,Jack Draper,6,3780,6,3780,13.4898,14.0,2837,0.1178
2025-04-07,134770,Casper Ruud,7,3765,7,3680,7.9853,8.0,3769,0.9601
2025-04-07,126774,Stefanos Tsitsipas,8,3445,9,3420,10.9823,11.0,3174,0.3095
2025-04-07,126094,Andrey Rublev,9,3440,8,3470,7.6693,7.0,3892,0.9343
2025-04-07,200282,Alex De Minaur,10,3335,10,3290,8.7521,9.0,3666,0.7786
2025-04-07,106421,Daniil Medvedev,11,3290,10,3290,8.505,8.0,3711,0.8074
2025-04-07,208029,Holger Rune,12,3270,12,3270,14.4483,14.0,2687,0.0133
2025-04-07,126205,Tommy Paul,13,3160,13,3170,8.0315,8.0,3834,0.8545
2025-04-07,210097,Ben Shelton,14,2690,14,2690,20.9377,21.0,2155,0.0051
2025-04-07,209950,Arthur Fils,15,2670,17,2525,17.6483,18.0,2412,0.0088
2025-04-07,207518,Lorenzo Musetti,16,2650,16,2550,16.4142,17.0,2508,0.0059
2025-04-07,126207,Frances Tiafoe,17,2525,15,2555,15.0138,15.0,2650,0.0343
2025-04-07,105777,Grigor Dimitrov,18,2495,18,2495,14.3645,14.0,2761,0.109
2025-04-07,200000,Felix Auger Aliassime,19,2415,19,2430,19.4018,20.0,2306,0.0368
2025-04-07,200005,Ugo Humbert,20,2335,20,2310,18.9814,20.0,2308,0.015
2025-04-07,207830,Tomas Machac,21,2210,22,2135,28.5515,29.0,1661,0.0
2025-04-07,202103,Francisco Cerundolo,22,2075,21,2145,26.1343,26.0,1805,0.0001
2025-04-07,210150,Jakub Mensik,23,2032,25,1900,50.2398,51.0,949,0.0
2025-04-07,200624,Sebastian Korda,24,2010,23,2010,23.392,23.0,1966,0.0003
2025-04-07,111575,Karen Khachanov,25,1950,24,1950,18.8034,19.0,2317,0.0104
2025-04-07,128034,Hubert Hurkacz,26,1855,26,1790,24.329,25.0,1916,0.0042
2025-04-07,200615,Alexei Popyrin,27,1760,28,1735,24.0714,24.0,1925,0.0003
2025-04-07,208103,Jiri Lehecka,28,1745,27,1745,33.052,33.0,1455,0.0002
2025-04-07,133430,Denis Shapovalov,29,1716,29,1685,33.4023,34.0,1485,0.0017
2025-04-07,208659,Giovanni Mpetshi Perricard,30,1644,37,1385,33.1904,34.0,1448,0.0001
2025-04-14,206173,Jannik Sinner,1,9930,1,9930,1.3815,1.0,9385,1.0
2025-04-14,207989,Carlos Alcaraz,2,7720,2,7720,2.5824,3.0,7973,1.0
2025-04-14,100644,Alexander Zverev,3,7595,3,7600,2.0605,2.0,8657,1.0
2025-04-14,126203,Taylor Fritz,4,5280,4,4985,4.3261,4.0,5530,1.0
2025-04-14,104925,Novak Djokovic,5,4120,5,4120,5.6652,5.0,4759,0.9901
2025-04-14,207733,Jack Draper,6,3870,6,3870,11.4645,11.0,3053,0.3439
2025-04-14,200282,Alex De Minaur,7,3535,8,3490,8.2705,8.0,3757,0.8378
2025-04-14,126094,Andrey Rublev,8,3490,7,3560,7.0089,7.0,4071,0.9826
2025-04-14,106421,Daniil Medvedev,9,3290,9,3290,8.2285,8.0,3726,0.8687
2025-04-14,134770,Casper Ruud,10,3215,11,3130,9.9364,10.0,3303,0.618
2025-04-14,207518,Lorenzo Musetti,11,3200,12,3100,15.7048,16.0,2522,0.0293
2025-04-14,126205,Tommy Paul,12,3160,10,3170,7.8847,8.0,3834,0.8965
2025-04-14,208029,Holger Rune,13,3080,13,3080,15.1063,15.0,2569,0.0245
2025-04-14,209950,Arthur Fils,14,2820,15,2675,16.3765,17.0,2473,0.0316
2025-04-14,210097,Ben Shelton,15,2700,14,2700,19.8815,20.0,2204,0.0109
2025-04-14,126774,Stefanos Tsitsipas,16,2645,16,2620,18.1021,18.0,2340,0.0239
2025-04-14,105777,Grigor Dimitrov,17,2595,18,2595,13.8405,14.0,2757,0.15
2025-04-14,126207,Frances Tiafoe,18,2550,17,2605,13.8803,14.0,2701,0.0772
2025-04-14,200000,Felix Auger Aliassime,19,2415,19,2390,18.3048,18.0,2365,0.0677
2025-04-14,207830,Tomas Machac,20,2250,20,2185,27.8021,28.0,1717,0.0005
2025-04-14,200005,Ugo Humbert,21,2145,22,2120,19.7537,20.0,2216,0.0206
2025-04-14,202103,Francisco Cerundolo,22,2075,21,2145,25.4453,26.0,1853,0.0011
2025-04-14,210150,Jakub Mensik,23,2032,24,1900,50.6308,51.0,949,0.0
2025-04-14,200624,Sebastian Korda,24,1970,23,1970,22.8291,23.0,1989,0.0015
2025-04-14,200615,Alexei Popyrin,25,1860,25,1835,25.1215,26.0,1856,0.0003
2025-04-14,208103,Jiri Lehecka,26,1795,26,1795,32.711,33.0,1496,0.0003
2025-04-14,111575,Karen Khachanov,27,1760,27,1760,20.3153,21.0,2168,0.0105
2025-04-14,128034,Hubert Hurkacz,28,1755,30,1690,25.9967,26.0,1816,0.0047
2025-04-14,133430,Denis Shapovalov,29,1726,28,1695,32.2862,33.0,1549,0.0037
2025-04-14,200221,Alejandro Davidovich Fokina,30,1680,28,1695,53.9467,55.0,891,0.0
2025-04-21,206173,Jannik Sinner,1,9930,1,9930,1.4775,1.0,9385,1.0
2025-04-21,100644,Alexander Zverev,2,8085,2,8050,2.031,2.0,8841,1.0
2025-04-21,207989,Carlos Alcaraz,3,8050,2,8050,2.4978,3.0,8249,1.0
2025-04-21,126203,Taylor Fritz,4,5115,4,4820,4.4748,4.0,5365,1.0
2025-04-21,104925,Novak Djokovic,5,4120,5,4120,5.6726,5.0,4759,0.993
2025-04-21,207733,Jack Draper,6,3820,6,3820,11.7515,11.0,3003,0.3503
2025-04-21,200282,Alex De Minaur,7,3585,8,3540,7.756,8.0,3902,0.9036
2025-04-21,126094,Andrey Rublev,8,3530,7,3610,6.7366,7.0,4186,0.992
2025-04-21,208029,Holger Rune,9,3480,9,3480,15.1281,15.0,2576,0.0434
2025-04-21,106421,Daniil Medvedev,10,3290,10,3290,8.2073,8.0,3726,0.8879
2025-04-21,207518,Lorenzo Musetti,11,3200,12,3100,15.7791,16.0,2522,0.0357
2025-04-21,126205,Tommy Paul,12,3160,11,3170,7.8849,8.0,3834,0.9148
2025-04-21,210097,Ben Shelton,13,3020,13,3030,18.923,19.0,2289,0.0223
2025-04-21,209950,Arthur Fils,14,2920,14,2775,16.6354,17.0,2464,0.0402
2025-04-21,134770,Casper Ruud,15,2815,15,2730,12.1827,12.0,2943,0.3186
2025-04-21,105777,Grigor Dimitrov,16,2595,17,2595,13.8181,14.0,2757,0.175
2025-04-21,126207,Frances Tiafoe,17,2550,16,2605,13.4223,13.0,2748,0.1194
2025-04-21,126774,Stefanos Tsitsipas,18,2415,18,2390,21.6427,22.0,2098,0.0128
2025-04-21,200000,Felix Auger Aliassime,19,2375,19,2340,17.671,18.0,2432,0.1004
2025-04-21,207830,Tomas Machac,20,2235,22,2160,28.1606,29.0,1692,0.0003
2025-04-21,202103,Francisco Cerundolo,21,2225,20,2295,23.4573,24.0,1983,0.0061
2025-04-21,200005,Ugo Humbert,22,2185,21,2170,18.4331,19.0,2331,0.0401
2025-04-21,210150,Jakub Mensik,23,2032,25,1900,48.0394,49.0,1016,0.0
2025-04-21,200624,Sebastian Korda,24,2020,23,2020,22.0464,22.0,2054,0.003
2025-04-21,111575,Karen Khachanov,25,1960,24,1960,19.4045,20.0,2250,0.0201
2025-04-21,200615,Alexei Popyrin,26,1860,26,1835,25.1683,26.0,1856,0.0006
2025-04-21,208103,Jiri Lehecka,27,1795,27,1795,32.4219,33.0,1496,0.0003
2025-04-21,128034,Hubert Hurkacz,28,1755,30,1690,25.9888,26.0,1816,0.005
2025-04-21,200221,Alejandro Davidovich Fokina,29,1745,28,1745,51.4486,52.0,951,0.0
2025-04-21,133430,Denis Shapovalov,30,1726,29,1695,30.6228,31.0,1619,0.0055
2025-05-05,206173,Jannik Sinner,1,9730,1,9730,1.6029,1.0,9185,1.0
2025-05-05,100644,Alexander Zverev,2,8085,2,8050,1.8174,2.0,9059,1.0
2025-05-05,207989,Carlos Alcaraz,3,7850,3,7850,2.6074,3.0,8049,1.0
2025-05-05,126203,Taylor Fritz,4,4815,4,4520,4.8507,5.0,5145,1.0
2025-05-05,207733,Jack Draper,5,4440,5,4440,11.0454,11.0,3131,0.4691
2025-05-05,104925,Novak Djokovic,6,4130,6,4130,5.1922,5.0,5058,0.9974
2025-05-05,134770,Casper Ruud,7,3715,7,3630,12.3645,12.0,2950,0.3326
2025-05-05,200282,Alex De Minaur,8,3635,7,3630,6.6947,6.0,4285,0.9563
2025-05-05,207518,Lorenzo Musetti,9,3550,9,3490,15.2922,16.0,2599,0.0672
2025-05-05,208029,Holger Rune,10,3440,10,3440,14.8291,15.0,2638,0.083
2025-05-05,106421,Daniil Medvedev,11,3290,11,3290,8.4904,8.0,3659,0.8309
2025-05-05,126205,Tommy Paul,12,3210,12,3220,7.2796,7.0,4030,0.9426
2025-05-05,210097,Ben Shelton,13,3020,13,3030,18.7988,19.0,2312,0.0294
2025-05-05,209950,Arthur Fils,14,2920,14,2775,15.8923,16.0,2556,0.0805
2025-05-05,105777,Grigor Dimitrov,15,2685,16,2685,13.1423,13.0,2860,0.2397
2025-05-05,126207,Frances Tiafoe,16,2640,15,2695,13.1816,13.0,2801,0.1634
2025-05-05,126094,Andrey Rublev,17,2580,17,2660,10.0791,10.0,3334,0.6253
2025-05-05,202103,Francisco Cerundolo,18,2425,18,2495,24.0781,24.0,1961,0.0142
2025-05-05,126774,Stefanos Tsitsipas,19,2420,19,2430,20.698,21.0,2171,0.0208
2025-05-05,207830,Tomas Machac,20,2215,20,2140,26.9634,28.0,1753,0.0012
2025-05-05,210150,Jakub Mensik,21,2182,22,2050,47.06,48.0,1045,0.0
2025-05-05,200005,Ugo Humbert,22,2145,21,2130,18.2132,19.0,2365,0.0509
2025-05-05,200624,Sebastian Korda,23,2020,23,2020,21.4625,22.0,2102,0.0088
2025-05-05,111575,Karen Khachanov,24,1910,24,1910,19.8187,20.0,2230,0.0238
2025-05-05,200615,Alexei Popyrin,25,1860,25,1835,24.5085,25.0,1891,0.0006
2025-05-05,200221,Alejandro Davidovich Fokina,26,1745,26,1745,50.7671,52.0,975,0.0
2025-05-05,200000,Felix Auger Aliassime,27,1735,27,1700,25.6135,25.0,1911,0.0322
2025-05-05,133430,Denis Shapovalov,28,1726,29,1695,30.1067,30.0,1638,0.0067
2025-05-05,206909,Brandon Nakashima,29,1675,27,1700,24.9153,25.0,1888,0.0057
2025-05-05,126610,Matteo Berrettini,30,1670,30,1690,23.217,24.0,2023,0.0293
2025-05-19,206173,Jannik Sinner,1,10380,1,10380,1.3399,1.0,9740,1.0
2025-05-19,207989,Carlos Alcaraz,2,8850,2,8850,2.2723,2.0,8551,1.0
2025-05-19,100644,Alexander Zverev,3,7285,3,7250,2.4135,3.0,8341,1.0
2025-05-19,126203,Taylor Fritz,4,4625,5,4330,4.9911,5.0,5074,1.0
2025-05-19,207733,Jack Draper,5,4610,4,4610,10.4804,10.0,3288,0.5503
2025-05-19,104925,Novak Djokovic,6,4080,6,4080,5.3118,5.0,5008,0.9949
2025-05-19,134770,Casper Ruud,7,3905,8,3820,12.1269,12.0,3033,0.3559
2025-05-19,207518,Lorenzo Musetti,8,3860,7,3880,14.5077,15.0,2727,0.1131
2025-05-19,200282,Alex De Minaur,9,3635,9,3630,6.2488,6.0,4522,0.9658
2025-05-19,208029,Holger Rune,10,3440,10,3440,14.9119,15.0,2680,0.0891
2025-05-19,106421,Daniil Medvedev,11,3290,11,3290,8.5016,8.0,3715,0.8153
2025-05-19,126205,Tommy Paul,12,3210,12,3220,8.3128,8.0,3799,0.8272
2025-05-19,210097,Ben Shelton,13,2980,13,2990,19.0692,19.0,2315,0.0256
2025-05-19,209950,Arthur Fils,14,2845,14,2865,15.4355,16.0,2641,0.1024
2025-05-19,126207,Frances Tiafoe,15,2625,15,2695,13.2671,13.0,2844,0.161
2025-05-19,105777,Grigor Dimitrov,16,2595,17,2595,13.8775,14.0,2830,0.2001
2025-05-19,126094,Andrey Rublev,17,2540,16,2620,10.1392,10.0,3378,0.6116
2025-05-19,202103,Francisco Cerundolo,18,2475,18,2545,23.0352,23.0,2037,0.0212
2025-05-19,210150,Jakub Mensik,19,2272,21,2140,43.4378,43.0,1116,0.0
2025-05-19,126774,Stefanos Tsitsipas,20,2270,19,2280,22.7213,23.0,2040,0.0116
2025-05-19,207830,Tomas Machac,21,2265,20,2190,25.7286,26.0,1816,0.0015
2025-05-19,200005,Ugo Humbert,22,2155,21,2140,17.6249,18.0,2445,0.0583
2025-05-19,200624,Sebastian Korda,23,2020,23,2020,21.0776,21.0,2149,0.0102
2025-05-19,111575,Karen Khachanov,24,1910,24,1910,20.4577,21.0,2203,0.0208
2025-05-19,200615,Alexei Popyrin,25,1900,25,1875,23.9983,24.0,1926,0.0011
2025-05-19,200221,Alejandro Davidovich Fokina,26,1730,26,1745,47.6108,48.0,1028,0.0
2025-05-19,133430,Denis Shapovalov,27,1726,29,1695,28.8828,29.0,1686,0.0074
2025-05-19,126610,Matteo Berrettini,28,1720,27,1740,21.9177,22.0,2118,0.035
2025-05-19,206909,Brandon Nakashima,29,1690,27,1740,23.9237,24.0,1952,0.0082
2025-05-19,200000,Felix Auger Aliassime,30,1685,30,1650,26.4508,26.0,1861,0.0235
2025-05-26,206173,Jannik Sinner,1,10380,1,10380,1.3906,1.0,9740,1.0
2025-05-26,207989,Carlos Alcaraz,2,8850,2,8850,2.3458,2.0,8551,1.0
2025-05-26,100644,Alexander Zverev,3,7285,3,7300,2.2854,2.0,8631,1.0
2025-05-26,126203,Taylor Fritz,4,4675,5,4380,4.9148,5.0,5171,1.0
2025-05-26,207733,Jack Draper,5,4610,4,4610,10.5257,10.0,3288,0.5471
2025-05-26,104925,Novak Djokovic,6,4230,6,4230,5.2971,5.0,5060,0.9953
2025-05-26,207518,Lorenzo Musetti,7,3860,7,3880,14.5813,15.0,2727,0.1131
2025-05-26,134770,Casper Ruud,8,3655,9,3570,14.3911,14.0,2783,0.1954
2025-05-26,200282,Alex De Minaur,9,3635,8,3630,6.3069,6.0,4522,0.9647
2025-05-26,208029,Holger Rune,10,3440,10,3440,15.0153,15.0,2680,0.0888
2025-05-26,106421,Daniil Medvedev,11,3290,11,3290,8.5463,8.0,3715,0.8153
2025-05-26,126205,Tommy Paul,12,3210,12,3220,8.368,8.0,3799,0.8262
2025-05-26,210097,Ben Shelton,13,2980,13,2990,19.3154,20.0,2315,0.0252
2025-05-26,209950,Arthur Fils,14,2845,15,2865,15.5702,16.0,2641,0.1006
2025-05-26,126094,Andrey Rublev,15,2820,14,2950,9.584,9.0,3492,0.6907
2025-05-26,126207,Frances Tiafoe,16,2665,16,2720,12.8764,13.0,2896,0.2025
2025-05-26,105777,Grigor Dimitrov,17,2595,17,2595,13.9636,14.0,2830,0.2005
2025-05-26,202103,Francisco Cerundolo,18,2475,17,2595,20.5849,21.0,2241,0.0458
2025-05-26,210150,Jakub Mensik,19,2272,20,2140,43.627,44.0,1116,0.0
2025-05-26,126774,Stefanos Tsitsipas,20,2270,19,2280,22.9947,23.0,2040,0.012
2025-05-26,200005,Ugo Humbert,21,2155,20,2140,17.8359,18.0,2445,0.0588
2025-05-26,207830,Tomas Machac,22,2110,22,2025,27.3721,28.0,1731,0.0008
2025-05-26,200624,Sebastian Korda,23,2020,23,2020,21.4007,22.0,2149,0.0104
2025-05-26,111575,Karen Khachanov,24,1960,24,1960,19.9021,20.0,2272,0.0255
2025-05-26,200615,Alexei Popyrin,25,1950,25,1925,23.8642,24.0,1962,0.0015
2025-05-26,207925,Flavio Cobolli,26,1920,26,1895,32.0077,32.0,1475,0.0
2025-05-26,200000,Felix Auger Aliassime,27,1875,27,1850,24.4685,24.0,1992,0.0369
2025-05-26,128034,Hubert Hurkacz,28,1830,30,1765,28.1308,28.0,1690,0.0041
2025-05-26,200221,Alejandro Davidovich Fokina,29,1770,28,1795,42.8036,42.0,1159,0.0
2025-05-26,126610,Matteo Berrettini,30,1720,31,1740,22.147,23.0,2118,0.0344
2025-06-09,206173,Jannik Sinner,1,10880,1,10880,1.1755,1.0,10159,1.0
2025-06-09,207989,Carlos Alcaraz,2,8850,2,8850,2.5912,3.0,7750,1.0
2025-06-09,100644,Alexander Zverev,3,6385,3,6400,2.5232,3.0,7797,1.0
2025-06-09,207733,Jack Draper,4,4800,4,4800,9.6887,9.0,3516,0.657
2025-06-09,104925,Novak Djokovic,5,4630,5,4630,5.3603,5.0,5156,0.9859
2025-06-09,207518,Lorenzo Musetti,6,4560,6,4580,12.6711,12.0,3019,0.3019
2025-06-09,126203,Taylor Fritz,7,4485,7,4190,4.9697,5.0,5275,0.9998
2025-06-09,126205,Tommy Paul,8,3510,8,3520,7.5907,7.0,4159,0.8847
2025-06-09,208029,Holger Rune,9,3440,9,3440,15.3973,16.0,2648,0.0907
2025-06-09,200282,Alex De Minaur,10,3285,10,3280,6.5868,6.0,4573,0.9398
2025-06-09,106421,Daniil Medvedev,11,3100,11,3100,8.871,9.0,3736,0.7629
2025-06-09,210097,Ben Shelton,12,3080,12,3090,19.4839,20.0,2270,0.0168
2025-06-09,126207,Frances Tiafoe,13,3015,13,3070,12.7971,13.0,2928,0.1888
2025-06-09,209950,Arthur Fils,14,2935,15,2955,14.2764,14.0,2766,0.1266
2025-06-09,126094,Andrey Rublev,15,2920,14,3050,9.8103,9.0,3508,0.6505
2025-06-09,134770,Casper Ruud,16,2905,16,2820,21.5039,21.0,2153,0.0353
2025-06-09,210150,Jakub Mensik,17,2322,19,2190,40.5945,41.0,1199,0.0002
2025-06-09,202103,Francisco Cerundolo,18,2285,17,2405,20.4049,20.0,2248,0.0538
2025-06-09,105777,Grigor Dimitrov,19,2205,18,2205,16.7534,17.0,2546,0.0943
2025-06-09,200005,Ugo Humbert,20,2195,20,2180,16.4065,17.0,2554,0.0743
2025-06-09,200615,Alexei Popyrin,21,2140,21,2115,22.7443,23.0,2005,0.0017
2025-06-09,207830,Tomas Machac,22,2020,25,1935,26.6218,27.0,1765,0.0038
2025-06-09,200624,Sebastian Korda,23,2020,22,2020,20.4258,21.0,2200,0.0216
2025-06-09,111575,Karen Khachanov,24,2010,23,2010,18.6279,19.0,2351,0.0358
2025-06-09,207925,Flavio Cobolli,25,1970,24,1945,32.0103,32.0,1469,0.0
2025-06-09,126774,Stefanos Tsitsipas,26,1920,26,1930,28.0399,28.0,1709,0.0043
2025-06-09,200221,Alejandro Davidovich Fokina,27,1770,27,1795,42.3328,42.0,1173,0.0001
2025-06-09,126610,Matteo Berrettini,28,1720,29,1740,21.7752,22.0,2118,0.0304
2025-06-09,200000,Felix Auger Aliassime,29,1685,30,1660,25.6698,25.0,1919,0.0281
2025-06-09,133430,Denis Shapovalov,30,1651,31,1620,29.2881,29.0,1667,0.0056
2025-06-16,206173,Jannik Sinner,1,10880,1,10880,1.1936,1.0,10159,1.0
2025-06-16,207989,Carlos Alcaraz,2,8850,2,8850,2.6309,3.0,7750,1.0
2025-06-16,100644,Alexander Zverev,3,6500,3,6565,2.439,2.0,7981,1.0
2025-06-16,126203,Taylor Fritz,4,4735,7,4440,4.7924,5.0,5380,1.0
2025-06-16,104925,Novak Djokovic,5,4630,4,4630,5.3207,5.0,5156,0.9881
2025-06-16,207733,Jack Draper,6,4550,5,4550,10.8664,10.0,3266,0.5077
2025-06-16,207518,Lorenzo Musetti,7,4470,6,4480,13.2352,13.0,2919,0.2746
2025-06-16,126205,Tommy Paul,8,3470,8,3470,7.6247,7.0,4109,0.8818
2025-06-16,208029,Holger Rune,9,3440,9,3440,15.2056,15.0,2648,0.1033
2025-06-16,210097,Ben Shelton,10,3170,10,3190,18.5987,19.0,2334,0.0287
2025-06-16,106421,Daniil Medvedev,11,3140,11,3150,8.1699,8.0,3867,0.8563
2025-06-16,200282,Alex De Minaur,12,3085,13,3030,7.2022,7.0,4323,0.897
2025-06-16,126207,Frances Tiafoe,13,2990,14,3020,12.9685,13.0,2878,0.1871
2025-06-16,126094,Andrey Rublev,14,2920,12,3050,9.6111,9.0,3508,0.6839
2025-06-16,209950,Arthur Fils,15,2920,15,2930,14.2915,14.0,2741,0.1357
2025-06-16,134770,Casper Ruud,16,2905,16,2820,21.4082,21.0,2153,0.0419
2025-06-16,210150,Jakub Mensik,17,2322,19,2190,40.8214,41.0,1199,0.0004
2025-06-16,202103,Francisco Cerundolo,18,2285,17,2405,20.2997,20.0,2248,0.0608
2025-06-16,105777,Grigor Dimitrov,19,2205,18,2205,16.5845,17.0,2546,0.1045
2025-06-16,200005,Ugo Humbert,20,2195,20,2180,16.215,16.0,2558,0.0891
2025-06-16,200615,Alexei Popyrin,21,2115,21,2090,22.2206,23.0,2036,0.0025
2025-06-16,111575,Karen Khachanov,22,2050,22,2060,17.4565,18.0,2440,0.0577
2025-06-16,207830,Tomas Machac,23,2020,24,1935,26.6824,27.0,1765,0.0043
2025-06-16,207925,Flavio Cobolli,24,1970,23,1945,32.2572,32.0,1469,0.0
2025-06-16,126774,Stefanos Tsitsipas,25,1920,25,1930,28.1158,28.0,1709,0.0048
2025-06-16,200624,Sebastian Korda,26,1855,26,1855,22.4924,23.0,2035,0.0149
2025-06-16,200000,Felix Auger Aliassime,27,1775,28,1760,24.2886,24.0,2002,0.0426
2025-06-16,200221,Alejandro Davidovich Fokina,28,1770,27,1795,42.5491,42.0,1173,0.0001
2025-06-16,128034,Hubert Hurkacz,29,1665,31,1600,29.9795,30.0,1591,0.0029
2025-06-16,208103,Jiri Lehecka,30,1645,30,1665,37.5421,38.0,1293,0.0002
2025-06-23,206173,Jannik Sinner,1,10430,1,10430,1.2531,1.0,10026,1.0
2025-06-23,207989,Carlos Alcaraz,2,9300,2,9300,2.5369,3.0,7959,1.0
2025-06-23,100644,Alexander Zverev,3,6500,3,6565,2.446,2.0,8048,1.0
2025-06-23,207733,Jack Draper,4,4650,4,4650,10.3259,10.0,3363,0.5835
2025-06-23,126203,Taylor Fritz,5,4635,6,4340,4.6731,5.0,5510,1.0
2025-06-23,104925,Novak Djokovic,6,4630,5,4630,5.3546,5.0,5156,0.9889
2025-06-23,207518,Lorenzo Musetti,7,4140,7,4150,16.2821,16.0,2589,0.1418
2025-06-23,208029,Holger Rune,8,3530,8,3540,14.3883,14.0,2731,0.1414
2025-06-23,106421,Daniil Medvedev,9,3420,9,3430,7.8605,8.0,3957,0.8887
2025-06-23,210097,Ben Shelton,10,3170,10,3190,17.8767,18.0,2394,0.038
2025-06-23,200282,Alex De Minaur,11,3085,12,3030,6.8911,6.0,4431,0.9193
2025-06-23,126207,Frances Tiafoe,12,2990,13,3020,12.1815,12.0,2980,0.2718
2025-06-23,126205,Tommy Paul,13,2970,14,2970,9.7013,9.0,3609,0.6697
2025-06-23,126094,Andrey Rublev,14,2920,11,3100,9.138,9.0,3604,0.7462
2025-06-23,134770,Casper Ruud,15,2905,16,2820,21.3517,21.0,2153,0.0437
2025-06-23,209950,Arthur Fils,16,2830,15,2830,15.2284,15.0,2641,0.1052
2025-06-23,210150,Jakub Mensik,17,2356,19,2240,37.6502,38.0,1302,0.0007
2025-06-23,202103,Francisco Cerundolo,18,2285,17,2405,19.5033,19.0,2310,0.0701
2025-06-23,111575,Karen Khachanov,19,2240,18,2260,16.8065,17.0,2497,0.0703
2025-06-23,200005,Ugo Humbert,20,2195,20,2180,15.5805,16.0,2618,0.1093
2025-06-23,105777,Grigor Dimitrov,21,2155,21,2155,17.1007,17.0,2496,0.0958
2025-06-23,200615,Alexei Popyrin,22,2140,22,2140,21.5627,22.0,2085,0.0041
2025-06-23,207830,Tomas Machac,23,2110,24,2035,25.8102,26.0,1811,0.0047
2025-06-23,207925,Flavio Cobolli,24,2060,23,2045,31.4004,31.0,1495,0.0
2025-06-23,208103,Jiri Lehecka,25,1965,25,1995,36.4517,36.0,1327,0.0002
2025-06-23,126774,Stefanos Tsitsipas,26,1920,26,1930,27.4246,27.0,1745,0.0058
2025-06-23,200000,Felix Auger Aliassime,27,1775,27,1810,22.5603,22.0,2110,0.0576
2025-06-23,200221,Alejandro Davidovich Fokina,28,1770,28,1795,42.6241,42.0,1173,0.0002
2025-06-23,133430,Denis Shapovalov,29,1676,31,1645,27.6912,27.0,1749,0.0096
2025-06-23,122330,Alexander Bublik,30,1675,35,1385,73.8732,74.0,583,0.0
2025-06-30,206173,Jannik Sinner,1,10430,1,10430,1.2527,1.0,10026,1.0
2025-06-30,207989,Carlos Alcaraz,2,9300,2,9300,2.5313,3.0,7959,1.0
2025-06-30,100644,Alexander Zverev,3,6500,3,6565,2.4413,2.0,8048,1.0
2025-06-30,207733,Jack Draper,4,4650,4,4650,10.4343,10.0,3363,0.5722
2025-06-30,126203,Taylor Fritz,5,4635,6,4340,4.8027,5.0,5398,0.9999
2025-06-30,104925,Novak Djokovic,6,4630,5,4630,5.3394,5.0,5156,0.9879
2025-06-30,207518,Lorenzo Musetti,7,4140,7,4150,16.4357,16.0,2589,0.136
2025-06-30,208029,Holger Rune,8,3530,8,3540,14.5636,15.0,2731,0.1323
2025-06-30,106421,Daniil Medvedev,9,3420,9,3430,7.9097,8.0,3957,0.8806
2025-06-30,210097,Ben Shelton,10,3130,10,3140,17.5536,18.0,2440,0.0439
2025-06-30,200282,Alex De Minaur,11,3085,12,3030,6.9138,6.0,4431,0.9152
2025-06-30,126207,Frances Tiafoe,12,2990,13,3020,12.3276,12.0,2980,0.2573
2025-06-30,126205,Tommy Paul,13,2970,14,2970,9.2543,9.0,3718,0.7135
2025-06-30,126094,Andrey Rublev,14,2920,11,3100,9.216,9.0,3604,0.7341
2025-06-30,134770,Casper Ruud,15,2905,16,2820,21.5017,22.0,2153,0.0413
2025-06-30,209950,Arthur Fils,16,2830,15,2830,15.4072,15.0,2641,0.0989
2025-06-30,210150,Jakub Mensik,17,2356,20,2240,37.2195,37.0,1321,0.0008
2025-06-30,200005,Ugo Humbert,18,2285,18,2280,14.9183,15.0,2705,0.1349
2025-06-30,202103,Francisco Cerundolo,19,2285,17,2405,19.656,20.0,2310,0.0674
2025-06-30,111575,Karen Khachanov,20,2240,19,2260,16.9903,17.0,2497,0.0669
2025-06-30,105777,Grigor Dimitrov,21,2155,21,2155,17.2772,17.0,2496,0.0905
2025-06-30,200615,Alexei Popyrin,22,2140,22,2140,21.7221,22.0,2085,0.0038
2025-06-30,207830,Tomas Machac,23,2110,23,2035,25.909,26.0,1811,0.0046
2025-06-30,207925,Flavio Cobolli,24,2035,24,1995,32.1468,32.0,1465,0.0
2025-06-30,208103,Jiri Lehecka,25,1965,24,1995,36.442,36.0,1327,0.0002
2025-06-30,126774,Stefanos Tsitsipas,26,1920,26,1930,27.4997,27.0,1745,0.0053
2025-06-30,200221,Alejandro Davidovich Fokina,27,1845,28,1895,41.3113,41.0,1210,0.0002
2025-06-30,200000,Felix Auger Aliassime,28,1825,27,1910,21.054,21.0,2224,0.0737
2025-06-30,134868,Tallon Griekspoor,29,1755,29,1765,54.7834,55.0,873,0.0
2025-06-30,133430,Denis Shapovalov,30,1676,32,1645,27.7655,27.0,1749,0.0094
2025-07-14,206173,Jannik Sinner,1,12030,1,12030,1.1468,1.0,10913,1.0
2025-07-14,207989,Carlos Alcaraz,2,8600,2,8600,3.5284,3.0,6557,0.9943
2025-07-14,100644,Alexander Zverev,3,6310,3,6375,2.1088,2.0,8542,1.0
2025-07-14,126203,Taylor Fritz,4,5035,4,4740,4.5293,4.0,5412,0.9995
2025-07-14,207733,Jack Draper,5,4650,5,4650,8.6375,8.0,3723,0.7625
2025-07-14,104925,Novak Djokovic,6,4130,6,4130,6.3438,6.0,4656,0.9066
2025-07-14,207518,Lorenzo Musetti,7,3350,7,3360,25.602,25.0,1907,0.0328
2025-07-14,208029,Holger Rune,8,3340,8,3350,14.8264,15.0,2682,0.142
2025-07-14,210097,Ben Shelton,9,3330,9,3340,18.2977,18.0,2353,0.039
2025-07-14,126094,Andrey Rublev,10,3110,10,3290,8.4037,8.0,3751,0.8046
2025-07-14,126207,Frances Tiafoe,11,2940,11,2970,11.3287,11.0,3113,0.4047
2025-07-14,200282,Alex De Minaur,12,2885,12,2830,7.2437,6.0,4246,0.8694
2025-07-14,134770,Casper Ruud,13,2855,13,2770,22.0391,22.0,2103,0.0404
2025-07-14,106421,Daniil Medvedev,14,2630,14,2640,10.4232,10.0,3396,0.5799
2025-07-14,209950,Arthur Fils,15,2630,15,2630,17.1898,17.0,2441,0.0608
2025-07-14,126205,Tommy Paul,16,2620,16,2620,10.5326,10.0,3432,0.5854
2025-07-14,111575,Karen Khachanov,17,2590,17,2610,15.352,15.0,2633,0.1341
2025-07-14,210150,Jakub Mensik,18,2446,20,2330,33.5271,33.0,1473,0.0029
2025-07-14,207925,Flavio Cobolli,19,2385,19,2345,33.0835,33.0,1443,0.0
2025-07-14,202103,Francisco Cerundolo,20,2285,18,2405,18.2759,18.0,2406,0.1012
2025-07-14,105777,Grigor Dimitrov,21,2155,21,2155,17.3195,17.0,2474,0.1076
2025-07-14,207830,Tomas Machac,22,2110,25,2035,25.5957,26.0,1836,0.0064
2025-07-14,200005,Ugo Humbert,23,2095,22,2090,15.3439,15.0,2642,0.1385
2025-07-14,200615,Alexei Popyrin,24,2050,23,2050,21.6558,22.0,2073,0.0074
2025-07-14,208103,Jiri Lehecka,25,2015,24,2045,33.3294,33.0,1465,0.0016
2025-07-14,200221,Alejandro Davidovich Fokina,26,1945,26,1995,38.2616,38.0,1308,0.0005
2025-07-14,126774,Stefanos Tsitsipas,27,1880,28,1890,26.8482,27.0,1792,0.0104
2025-07-14,200000,Felix Auger Aliassime,28,1865,27,1950,17.8657,17.0,2511,0.1791
2025-07-14,134868,Tallon Griekspoor,29,1715,30,1725,51.9161,52.0,950,0.0
2025-07-14,210506,Alex Michelsen,30,1670,32,1620,27.5731,28.0,1724,0.0036
2025-07-21,206173,Jannik Sinner,1,12030,1,12030,1.1203,1.0,10913,1.0
2025-07-21,207989,Carlos Alcaraz,2,8600,2,8600,3.4907,3.0,6557,0.9944
2025-07-21,100644,Alexander Zverev,3,6030,3,6045,2.214,2.0,8212,1.0
2025-07-21,126203,Taylor Fritz,4,5035,4,4740,4.5271,4.0,5412,0.9994
2025-07-21,207733,Jack Draper,5,4650,5,4650,8.6062,8.0,3723,0.7691
2025-07-21,104925,Novak Djokovic,6,4130,6,4130,6.3237,6.0,4656,0.9097
2025-07-21,207518,Lorenzo Musetti,7,3350,8,3360,24.9076,25.0,1907,0.0338
2025-07-21,210097,Ben Shelton,8,3330,9,3340,17.7371,18.0,2353,0.0405
2025-07-21,208029,Holger Rune,9,3250,10,3250,15.4055,15.0,2582,0.1135
2025-07-21,126094,Andrey Rublev,10,3160,7,3390,7.9249,8.0,3874,0.862
2025-07-21,126207,Frances Tiafoe,11,2940,11,2970,11.1954,11.0,3113,0.4095
2025-07-21,134770,Casper Ruud,12,2905,13,2820,20.0478,20.0,2202,0.0528
2025-07-21,200282,Alex De Minaur,13,2885,12,2830,7.2284,7.0,4246,0.8718
2025-07-21,106421,Daniil Medvedev,14,2630,14,2640,10.3135,10.0,3396,0.5846
2025-07-21,126205,Tommy Paul,15,2620,15,2620,10.399,10.0,3432,0.5917
2025-07-21,111575,Karen Khachanov,16,2590,16,2610,14.9509,15.0,2633,0.1367
2025-07-21,210150,Jakub Mensik,17,2446,18,2330,32.7,32.0,1473,0.003
2025-07-21,207925,Flavio Cobolli,18,2360,19,2295,33.5797,34.0,1393,0.0
2025-07-21,202103,Francisco Cerundolo,19,2285,17,2405,17.7793,17.0,2409,0.1038
2025-07-21,105777,Grigor Dimitrov,20,2155,20,2155,16.8353,17.0,2474,0.11
2025-07-21,209950,Arthur Fils,21,2130,21,2130,23.2531,23.0,1941,0.0112
2025-07-21,207830,Tomas Machac,22,2110,25,2035,24.8422,25.0,1836,0.0066
2025-07-21,200005,Ugo Humbert,23,2095,22,2090,14.9537,15.0,2642,0.1403
2025-07-21,200615,Alexei Popyrin,24,2050,23,2050,20.9313,21.0,2073,0.0076
2025-07-21,208103,Jiri Lehecka,25,2015,24,2045,32.5118,33.0,1465,0.0016
2025-07-21,200221,Alejandro Davidovich Fokina,26,1945,26,1995,34.7577,34.0,1398,0.0005
2025-07-21,200000,Felix Auger Aliassime,27,1865,27,1900,17.9882,17.0,2461,0.1689
2025-07-21,133430,Denis Shapovalov,28,1836,28,1805,26.1907,26.0,1804,0.0156
2025-07-21,126774,Stefanos Tsitsipas,29,1825,29,1790,28.0657,28.0,1692,0.0081
2025-07-21,122330,Alexander Bublik,30,1825,33,1545,72.704,73.0,606,0.0
2025-07-28,206173,Jannik Sinner,1,12030,1,12030,1.121,1.0,10913,1.0
2025-07-28,207989,Carlos Alcaraz,2,8600,2,8600,3.5662,3.0,6557,0.9937
2025-07-28,100644,Alexander Zverev,3,6030,3,6045,2.2336,2.0,8212,1.0
2025-07-28,126203,Taylor Fritz,4,5135,4,4840,4.3427,4.0,5638,0.9996
2025-07-28,207733,Jack Draper,5,4650,5,4650,8.7752,8.0,3723,0.7506
2025-07-28,104925,Novak Djokovic,6,4130,6,4130,6.4841,6.0,4656,0.9044
2025-07-28,210097,Ben Shelton,7,3520,7,3540,16.7772,17.0,2451,0.0594
2025-07-28,200282,Alex De Minaur,8,3335,8,3330,6.8638,6.0,4426,0.9017
2025-07-28,208029,Holger Rune,9,3250,10,3250,15.5139,15.0,2582,0.1042
2025-07-28,207518,Lorenzo Musetti,10,3195,11,3195,26.5625,26.0,1829,0.0288
2025-07-28,126094,Andrey Rublev,11,3110,9,3290,7.992,8.0,3911,0.856
2025-07-28,126207,Frances Tiafoe,12,2990,12,3020,11.0525,11.0,3170,0.4332
2025-07-28,134770,Casper Ruud,13,2905,13,2820,20.1165,20.0,2202,0.0483
2025-07-28,106421,Daniil Medvedev,14,2720,14,2740,9.5964,9.0,3575,0.6633
2025-07-28,126205,Tommy Paul,15,2620,15,2620,10.5522,10.0,3432,0.5743
2025-07-28,111575,Karen Khachanov,16,2590,16,2610,15.0621,15.0,2633,0.1269
2025-07-28,207925,Flavio Cobolli,17,2385,17,2320,32.9364,33.0,1418,0.0
2025-07-28,210150,Jakub Mensik,18,2362,19,2230,35.6183,35.0,1373,0.002
2025-07-28,200221,Alejandro Davidovich Fokina,19,2225,18,2275,34.7102,34.0,1404,0.0007
2025-07-28,105777,Grigor Dimitrov,20,2155,20,2155,16.9302,17.0,2474,0.1011
2025-07-28,209950,Arthur Fils,21,2130,22,2130,23.2862,23.5,1941,0.0098
2025-07-28,207830,Tomas Machac,22,2110,26,2035,24.8467,25.0,1836,0.0058
2025-07-28,200005,Ugo Humbert,23,2095,24,2090,15.0606,15.0,2642,0.1288
2025-07-28,202103,Francisco Cerundolo,24,2085,20,2155,19.6179,19.0,2271,0.0718
2025-07-28,122330,Alexander Bublik,25,2065,30,1795,69.6134,69.0,645,0.0
2025-07-28,200615,Alexei Popyrin,26,2050,25,2050,20.3648,21.0,2121,0.0092
2025-07-28,208103,Jiri Lehecka,27,2015,23,2095,30.7005,31.0,1542,0.0019
2025-07-28,200000,Felix Auger Aliassime,28,1865,27,1900,18.0702,17.0,2461,0.1599
2025-07-28,133430,Denis Shapovalov,29,1836,29,1805,26.2084,26.0,1804,0.0139
2025-07-28,126774,Stefanos Tsitsipas,30,1825,31,1790,28.0924,28.0,1692,0.0075
2025-08-04,206173,Jannik Sinner,1,12030,1,12030,1.121,1.0,10913,1.0
2025-08-04,207989,Carlos Alcaraz,2,8590,2,8600,3.5568,3.0,6557,0.9946
2025-08-04,100644,Alexander Zverev,3,6380,3,6045,2.2332,2.0,8212,1.0
2025-08-04,126203,Taylor Fritz,4,5525,4,4840,4.3269,4.0,5638,0.9997
2025-08-04,207733,Jack Draper,5,4650,5,4650,8.6314,8.0,3723,0.774
2025-08-04,210097,Ben Shelton,6,4320,7,3340,18.6023,19.0,2251,0.0368
2025-08-04,104925,Novak Djokovic,7,4130,6,4130,6.4074,6.0,4656,0.9106
2025-08-04,200282,Alex De Minaur,8,3480,8,3330,6.7777,6.0,4426,0.9108
2025-08-04,208029,Holger Rune,9,3340,9,3250,15.1468,15.0,2582,0.1177
2025-08-04,207518,Lorenzo Musetti,10,3235,10,3195,25.6982,25.0,1829,0.0309
2025-08-04,126094,Andrey Rublev,11,3210,11,3190,8.2281,8.0,3811,0.8338
2025-08-04,111575,Karen Khachanov,12,3190,16,2610,14.702,15.0,2633,0.1409
2025-08-04,134770,Casper Ruud,13,2995,12,2820,19.5386,19.0,2202,0.0547
2025-08-04,126207,Frances Tiafoe,14,2890,12,2820,12.065,12.0,2970,0.313
2025-08-04,106421,Daniil Medvedev,15,2760,14,2740,9.4242,9.0,3575,0.6857
2025-08-04,126205,Tommy Paul,16,2610,15,2620,10.3437,10.0,3432,0.5956
2025-08-04,210150,Jakub Mensik,17,2396,17,2230,34.4448,33.0,1373,0.0023
2025-08-04,200221,Alejandro Davidovich Fokina,18,2275,18,2225,35.0867,34.0,1354,0.001
2025-08-04,200615,Alexei Popyrin,19,2250,24,2050,19.8434,20.0,2121,0.0105
2025-08-04,209950,Arthur Fils,20,2180,21,2130,22.5681,23.0,1941,0.0111
2025-08-04,105777,Grigor Dimitrov,21,2155,19,2155,16.5153,17.0,2474,0.1127
2025-08-04,207925,Flavio Cobolli,22,2155,26,1990,43.0185,43.0,1088,0.0
2025-08-04,202103,Francisco Cerundolo,23,2135,19,2155,19.0591,18.0,2271,0.08
2025-08-04,207830,Tomas Machac,24,2110,25,2035,24.0507,25.0,1836,0.0067
2025-08-04,200005,Ugo Humbert,25,2085,23,2090,14.7025,14.0,2642,0.1436
2025-08-04,208103,Jiri Lehecka,26,2065,22,2095,29.5825,29.0,1542,0.0021
2025-08-04,122330,Alexander Bublik,27,2055,28,1795,69.1684,69.0,645,0.0
2025-08-04,200000,Felix Auger Aliassime,28,1825,27,1900,17.5725,17.0,2461,0.1711
2025-08-04,126774,Stefanos Tsitsipas,29,1790,29,1790,27.1279,27.0,1692,0.0086
2025-08-04,133430,Denis Shapovalov,30,1746,32,1705,27.2819,27.0,1704,0.0118
2025-08-18,206173,Jannik Sinner,1,11480,1,10830,1.3149,1.0,9713,1.0
2025-08-18,207989,Carlos Alcaraz,2,9590,2,8590,3.5631,3.0,6547,0.9963
2025-08-18,100644,Alexander Zverev,3,6230,3,5845,2.202,2.0,8110,1.0
2025-08-18,126203,Taylor Fritz,4,5575,4,5180,4.0821,4.0,5898,1.0
2025-08-18,207733,Jack Draper,5,4440,5,4440,9.144,9.0,3513,0.7274
2025-08-18,210097,Ben Shelton,6,4280,7,4090,19.3944,19.0,2112,0.0411
2025-08-18,104925,Novak Djokovic,7,4130,6,4130,6.3114,6.0,4656,0.9298
2025-08-18,200282,Alex De Minaur,8,3545,8,3530,6.0533,6.0,4719,0.96
2025-08-18,111575,Karen Khachanov,9,3240,10,3160,13.4493,13.0,2693,0.2342
2025-08-18,207518,Lorenzo Musetti,10,3205,9,3195,24.0557,23.0,1860,0.0463
2025-08-18,208029,Holger Rune,11,3050,11,2850,18.5589,19.0,2180,0.0607
2025-08-18,134770,Casper Ruud,12,2905,12,2810,18.8169,18.0,2185,0.0772
2025-08-18,106421,Daniil Medvedev,13,2760,13,2770,8.1974,8.0,3813,0.8249
2025-08-18,126205,Tommy Paul,14,2610,14,2560,10.1785,9.0,3372,0.6224
2025-08-18,126094,Andrey Rublev,15,2610,15,2540,10.9981,10.0,3165,0.5352
2025-08-18,210150,Jakub Mensik,16,2430,16,2280,29.7317,29.0,1511,0.0062
2025-08-18,126207,Frances Tiafoe,17,2340,17,2260,16.184,16.0,2401,0.1149
2025-08-18,200221,Alejandro Davidovich Fokina,18,2185,19,2215,34.7353,33.0,1325,0.002
2025-08-18,202103,Francisco Cerundolo,19,2135,18,2245,17.3351,17.0,2336,0.1261
2025-08-18,209950,Arthur Fils,20,2120,20,2120,21.0417,21.0,1978,0.0234
2025-08-18,208103,Jiri Lehecka,21,2115,21,2095,28.7429,29.0,1529,0.0038
2025-08-18,207830,Tomas Machac,22,2110,24,2025,21.9478,22.0,1906,0.0158
2025-08-18,200005,Ugo Humbert,23,2085,23,2030,14.3343,14.0,2582,0.1695
2025-08-18,122330,Alexander Bublik,24,2055,27,1785,69.1514,69.0,635,0.0
2025-08-18,105777,Grigor Dimitrov,25,2045,22,2045,16.7006,17.0,2364,0.1175
2025-08-18,207925,Flavio Cobolli,26,2040,25,1940,46.391,46.0,980,0.0
2025-08-18,200000,Felix Auger Aliassime,27,1965,26,1800,15.5396,14.0,2600,0.2616
2025-08-18,126774,Stefanos Tsitsipas,28,1790,29,1740,25.6883,25.0,1706,0.0123
2025-08-18,133430,Denis Shapovalov,29,1748,30,1705,23.4139,23.0,1869,0.0368
2025-08-18,210506,Alex Michelsen,30,1665,32,1495,28.6656,28.0,1536,0.0032
2025-08-25,206173,Jannik Sinner,1,11480,1,11480,1.2491,1.0,10444,1.0
2025-08-25,207989,Carlos Alcaraz,2,9590,2,9590,3.3929,3.0,7004,0.9982
2025-08-25,100644,Alexander Zverev,3,6230,3,6245,2.2428,2.0,8476,1.0
2025-08-25,126203,Taylor Fritz,4,5575,4,5280,4.0673,4.0,6150,1.0
2025-08-25,207733,Jack Draper,5,4440,5,4440,9.5741,9.0,3513,0.6714
2025-08-25,210097,Ben Shelton,6,4280,6,4290,18.6923,18.0,2240,0.0494
2025-08-25,104925,Novak Djokovic,7,4130,7,4130,6.6216,6.0,4656,0.916
2025-08-25,200282,Alex De Minaur,8,3545,8,3540,5.9781,6.0,4902,0.9655
2025-08-25,111575,Karen Khachanov,9,3240,9,3260,13.2925,13.0,2802,0.2483
2025-08-25,207518,Lorenzo Musetti,10,3205,10,3205,23.7485,23.0,1935,0.0469
2025-08-25,208029,Holger Rune,11,3050,11,3050,18.3659,18.0,2268,0.0615
2025-08-25,134770,Casper Ruud,12,2905,12,2820,18.9578,19.0,2241,0.072
2025-08-25,106421,Daniil Medvedev,13,2760,13,2780,8.0115,7.0,3982,0.8423
2025-08-25,126205,Tommy Paul,14,2610,15,2610,10.1824,9.0,3465,0.6228
2025-08-25,126094,Andrey Rublev,15,2610,14,2740,10.7266,10.0,3305,0.565
2025-08-25,210150,Jakub Mensik,16,2430,17,2330,29.1653,29.0,1586,0.0062
2025-08-25,126207,Frances Tiafoe,17,2340,16,2360,15.8062,15.0,2517,0.126
2025-08-25,200221,Alejandro Davidovich Fokina,18,2185,19,2225,33.8699,32.0,1401,0.0021
2025-08-25,202103,Francisco Cerundolo,19,2135,18,2245,18.1109,17.0,2336,0.1018
2025-08-25,209950,Arthur Fils,20,2120,21,2120,21.9156,22.0,1978,0.0175
2025-08-25,208103,Jiri Lehecka,21,2115,20,2195,28.0115,28.0,1616,0.004
2025-08-25,207830,Tomas Machac,22,2110,24,2035,22.0611,23.0,1959,0.0144
2025-08-25,200005,Ugo Humbert,23,2085,22,2080,14.0999,14.0,2695,0.1853
2025-08-25,122330,Alexander Bublik,24,2055,28,1785,70.9171,71.0,635,0.0
2025-08-25,105777,Grigor Dimitrov,25,2045,23,2045,17.4719,17.0,2364,0.0966
2025-08-25,207925,Flavio Cobolli,26,2040,26,1950,44.6757,44.0,1051,0.0
2025-08-25,200000,Felix Auger Aliassime,27,1965,25,2000,15.0073,14.0,2739,0.2858
2025-08-25,126774,Stefanos Tsitsipas,28,1790,27,1790,24.52,24.0,1828,0.0142
2025-08-25,133430,Denis Shapovalov,29,1748,30,1715,22.9239,23.0,1960,0.0371
2025-08-25,134868,Tallon Griekspoor,30,1655,29,1775,43.2272,43.0,1095,0.0001
2025-09-08,207989,Carlos Alcaraz,1,11540,1,11540,2.7136,3.0,7993,0.9998
2025-09-08,206173,Jannik Sinner,2,10780,2,10780,1.5169,1.0,9974,1.0
2025-09-08,100644,Alexander Zverev,3,5930,3,5945,2.2465,2.0,8654,1.0
2025-09-08,104925,Novak Djokovic,4,4830,4,4830,5.2716,5.0,5380,0.974
2025-09-08,126203,Taylor Fritz,5,4675,5,4380,5.3807,5.0,5211,0.9871
2025-09-08,210097,Ben Shelton,6,4280,6,4290,17.1111,17.0,2361,0.0963
2025-09-08,207733,Jack Draper,7,3690,7,3690,11.8087,11.0,3126,0.4578
2025-09-08,200282,Alex De Minaur,8,3545,8,3540,6.0273,6.0,4881,0.9594
2025-09-08,207518,Lorenzo Musetti,9,3505,9,3505,22.9266,22.0,1968,0.0552
2025-09-08,111575,Karen Khachanov,10,3280,10,3300,11.9144,12.0,2976,0.3735
2025-09-08,208029,Holger Rune,11,3090,11,3090,16.9146,17.0,2366,0.0898
2025-09-08,134770,Casper Ruud,12,2755,14,2670,19.4656,19.0,2180,0.0712
2025-09-08,200000,Felix Auger Aliassime,13,2755,12,2790,13.6343,12.0,2874,0.358
2025-09-08,126094,Andrey Rublev,14,2610,13,2740,10.8033,10.0,3279,0.5608
2025-09-08,126205,Tommy Paul,15,2510,15,2510,10.2072,9.0,3437,0.6199
2025-09-08,208103,Jiri Lehecka,16,2415,16,2495,26.1135,26.0,1706,0.0091
2025-09-08,210150,Jakub Mensik,17,2380,18,2280,27.8328,27.0,1647,0.0111
2025-09-08,106421,Daniil Medvedev,18,2370,17,2390,8.6938,8.0,3792,0.7698
2025-09-08,122330,Alexander Bublik,19,2245,24,1975,66.598,67.0,690,0.0
2025-09-08,200221,Alejandro Davidovich Fokina,20,2225,19,2265,30.4374,30.0,1522,0.0052
2025-09-08,202103,Francisco Cerundolo,21,2135,20,2245,16.6411,16.0,2446,0.1502
2025-09-08,207830,Tomas Machac,22,2110,23,2035,22.8053,23.0,1885,0.0142
2025-09-08,209950,Arthur Fils,23,2070,21,2070,22.1841,22.0,1928,0.0167
2025-09-08,200005,Ugo Humbert,24,2045,22,2040,13.3321,13.0,2765,0.2371
2025-09-08,207925,Flavio Cobolli,25,2040,25,1950,46.2709,45.0,1020,0.0
2025-09-08,133430,Denis Shapovalov,26,1838,27,1805,21.7849,21.0,2008,0.0471
2025-09-08,126774,Stefanos Tsitsipas,27,1830,26,1830,23.1297,23.0,1887,0.0186
2025-09-08,105777,Grigor Dimitrov,28,1645,30,1645,22.3305,22.0,1964,0.0425
2025-09-08,126207,Frances Tiafoe,29,1640,29,1660,24.2912,23.0,1856,0.0305
2025-09-08,209260,Luciano Darderi,30,1584,32,1425,58.8306,59.0,797,0.0
2025-09-15,207989,Carlos Alcaraz,1,11540,1,11540,2.7136,3.0,7993,0.9998
2025-09-15,206173,Jannik Sinner,2,10780,2,10780,1.5169,1.0,9974,1.0
2025-09-15,100644,Alexander Zverev,3,5930,3,5945,2.2465,2.0,8654,1.0
2025-09-15,104925,Novak Djokovic,4,4830,4,4830,5.2716,5.0,5380,0.974
2025-09-15,126203,Taylor Fritz,5,4675,5,4380,5.3807,5.0,5211,0.9871
2025-09-15,210097,Ben Shelton,6,4280,6,4290,17.1111,17.0,2361,0.0963
2025-09-15,207733,Jack Draper,7,3690,7,3690,11.8087,11.0,3126,0.4578
2025-09-15,200282,Alex De Minaur,8,3545,8,3540,6.0273,6.0,4881,0.9594
2025-09-15,207518,Lorenzo Musetti,9,3505,9,3505,22.9266,22.0,1968,0.0552
2025-09-15,111575,Karen Khachanov,10,3280,10,3300,11.9144,12.0,2976,0.3735
2025-09-15,208029,Holger Rune,11,3090,11,3090,16.9146,17.0,2366,0.0898
2025-09-15,134770,Casper Ruud,12,2755,14,2670,19.4656,19.0,2180,0.0712
2025-09-15,200000,Felix Auger Aliassime,13,2755,12,2790,13.6343,12.0,2874,0.358
2025-09-15,126094,Andrey Rublev,14,2610,13,2740,10.8033,10.0,3279,0.5608
2025-09-15,126205,Tommy Paul,15,2510,15,2510,10.2072,9.0,3437,0.6199
2025-09-15,208103,Jiri Lehecka,16,2415,16,2495,26.1135,26.0,1706,0.0091
2025-09-15,210150,Jakub Mensik,17,2380,18,2280,27.8328,27.0,1647,0.0111
2025-09-15,106421,Daniil Medvedev,18,2370,17,2390,8.6938,8.0,3792,0.7698
2025-09-15,122330,Alexander Bublik,19,2245,24,1975,66.598,67.0,690,0.0
2025-09-15,200221,Alejandro Davidovich Fokina,20,2225,19,2265,30.4374,30.0,1522,0.0052
2025-09-15,202103,Francisco Cerundolo,21,2135,20,2245,16.6411,16.0,2446,0.1502
2025-09-15,207830,Tomas Machac,22,2110,23,2035,22.8053,23.0,1885,0.0142
2025-09-15,209950,Arthur Fils,23,2070,21,2070,22.1841,22.0,1928,0.0167
2025-09-15,200005,Ugo Humbert,24,2045,22,2040,13.3321,13.0,2765,0.2371
2025-09-15,207925,Flavio Cobolli,25,2040,25,1950,46.2709,45.0,1020,0.0
2025-09-15,133430,Denis Shapovalov,26,1838,27,1805,21.7849,21.0,2008,0.0471
2025-09-15,126774,Stefanos Tsitsipas,27,1830,26,1830,23.1297,23.0,1887,0.0186
2025-09-15,105777,Grigor Dimitrov,28,1645,30,1645,22.3305,22.0,1964,0.0425
2025-09-15,126207,Frances Tiafoe,29,1640,29,1660,24.2912,23.0,1856,0.0305
2025-09-15,209260,Luciano Darderi,30,1584,32,1425,58.8306,59.0,797,0.0
2025-09-22,207989,Carlos Alcaraz,1,11540,1,11540,2.7136,3.0,7993,0.9998
2025-09-22,206173,Jannik Sinner,2,10780,2,10780,1.5169,1.0,9974,1.0
2025-09-22,100644,Alexander Zverev,3,5930,3,5945,2.2465,2.0,8654,1.0
2025-09-22,104925,Novak Djokovic,4,4830,4,4830,5.2716,5.0,5380,0.974
2025-09-22,126203,Taylor Fritz,5,4675,5,4380,5.3807,5.0,5211,0.9871
2025-09-22,210097,Ben Shelton,6,4280,6,4290,17.1111,17.0,2361,0.0963
2025-09-22,207733,Jack Draper,7,3690,7,3690,11.8087,11.0,3126,0.4578
2025-09-22,200282,Alex De Minaur,8,3545,8,3540,6.0273,6.0,4881,0.9594
2025-09-22,207518,Lorenzo Musetti,9,3505,9,3505,22.9266,22.0,1968,0.0552
2025-09-22,111575,Karen Khachanov,10,3280,10,3300,11.9144,12.0,2976,0.3735
2025-09-22,208029,Holger Rune,11,3090,11,3090,16.9146,17.0,2366,0.0898
2025-09-22,134770,Casper Ruud,12,2755,14,2670,19.4656,19.0,2180,0.0712
2025-09-22,200000,Felix Auger Aliassime,13,2755,12,2790,13.6343,12.0,2874,0.358
2025-09-22,126094,Andrey Rublev,14,2610,13,2740,10.8033,10.0,3279,0.5608
2025-09-22,126205,Tommy Paul,15,2510,15,2510,10.2072,9.0,3437,0.6199
2025-09-22,122330,Alexander Bublik,16,2445,24,1975,66.598,67.0,690,0.0
2025-09-22,208103,Jiri Lehecka,17,2415,16,2495,26.1135,26.0,1706,0.0091
2025-09-22,106421,Daniil Medvedev,18,2410,17,2390,8.6938,8.0,3792,0.7698
2025-09-22,210150,Jakub Mensik,19,2380,18,2280,27.8328,27.0,1647,0.0111
2025-09-22,200221,Alejandro Davidovich Fokina,20,2225,19,2265,30.4374,30.0,1522,0.0052
2025-09-22,202103,Francisco Cerundolo,21,2135,20,2245,16.6411,16.0,2446,0.1502
2025-09-22,207830,Tomas Machac,22,2110,23,2035,22.8053,23.0,1885,0.0142
2025-09-22,209950,Arthur Fils,23,2070,21,2070,22.1841,22.0,1928,0.0167
2025-09-22,200005,Ugo Humbert,24,2045,22,2040,13.3321,13.0,2765,0.2371
2025-09-22,207925,Flavio Cobolli,25,2040,25,1950,46.2709,45.0,1020,0.0
2025-09-22,133430,Denis Shapovalov,26,1838,27,1805,21.7849,21.0,2008,0.0471
2025-09-22,126774,Stefanos Tsitsipas,27,1830,26,1830,23.1297,23.0,1887,0.0186
2025-09-22,105777,Grigor Dimitrov,28,1645,30,1645,22.3305,22.0,1964,0.0425
2025-09-22,126207,Frances Tiafoe,29,1640,29,1660,24.2912,23.0,1856,0.0305
2025-09-22,209260,Luciano Darderi,30,1584,32,1425,58.8306,59.0,797,0.0
2025-09-29,207989,Carlos Alcaraz,1,11540,1,11540,2.7176,3.0,7993,0.9997
2025-09-29,206173,Jannik Sinner,2,10950,2,10780,1.517,1.0,9974,1.0
2025-09-29,100644,Alexander Zverev,3,5980,3,5945,2.248,2.0,8654,1.0
2025-09-29,126203,Taylor Fritz,4,4995,5,4380,5.4146,5.0,5211,0.986
2025-09-29,104925,Novak Djokovic,5,4830,4,4830,5.3052,5.0,5380,0.9728
2025-09-29,210097,Ben Shelton,6,4190,6,4290,17.1748,17.0,2361,0.0905
2025-09-29,200282,Alex De Minaur,7,3735,8,3540,6.0703,6.0,4881,0.958
2025-09-29,207733,Jack Draper,8,3590,7,3690,11.8815,11.0,3126,0.4487
2025-09-29,207518,Lorenzo Musetti,9,3555,9,3505,24.078,23.0,1918,0.0481
2025-09-29,111575,Karen Khachanov,10,3190,10,3300,11.9962,12.0,2976,0.3608
2025-09-29,208029,Holger Rune,11,2990,11,3090,16.9732,17.0,2366,0.0861
2025-09-29,134770,Casper Ruud,12,2945,14,2670,19.5423,19.0,2180,0.0694
2025-09-29,200000,Felix Auger Aliassime,13,2755,12,2790,13.7083,13.0,2874,0.3495
2025-09-29,126094,Andrey Rublev,14,2560,13,2740,10.2928,10.0,3393,0.6122
2025-09-29,126205,Tommy Paul,15,2460,15,2510,10.2858,9.0,3437,0.6106
2025-09-29,210150,Jakub Mensik,16,2455,18,2280,27.9898,27.0,1647,0.0103
2025-09-29,122330,Alexander Bublik,17,2445,21,2175,65.0382,65.0,715,0.0
2025-09-29,106421,Daniil Medvedev,18,2410,17,2440,8.3315,8.0,3910,0.804
2025-09-29,208103,Jiri Lehecka,19,2365,16,2495,26.2501,26.0,1706,0.0086
2025-09-29,200221,Alejandro Davidovich Fokina,20,2240,19,2265,30.6484,30.0,1522,0.0047
2025-09-29,202103,Francisco Cerundolo,21,2135,20,2245,16.7117,16.0,2446,0.1441
2025-09-29,207925,Flavio Cobolli,22,1990,25,1950,46.7002,46.0,1020,0.0
2025-09-29,207830,Tomas Machac,23,1920,24,2035,22.8941,23.0,1885,0.0132
2025-09-29,133430,Denis Shapovalov,24,1838,27,1805,21.88,21.0,2008,0.0447
2025-09-29,126774,Stefanos Tsitsipas,25,1830,26,1830,23.2278,23.0,1887,0.0172
2025-09-29,200005,Ugo Humbert,26,1725,23,2040,13.4044,13.0,2765,0.2274
2025-09-29,105777,Grigor Dimitrov,27,1645,30,1645,22.4281,22.0,1964,0.0412
2025-09-29,126207,Frances Tiafoe,28,1640,29,1660,24.4215,23.0,1856,0.0291
2025-09-29,209260,Luciano Darderi,29,1609,32,1425,55.6022,55.0,854,0.0
2025-09-29,209950,Arthur Fils,30,1570,22,2070,22.2644,22.0,1928,0.0159
2025-10-13,207989,Carlos Alcaraz,1,11340,1,11340,2.9328,3.0,7708,0.9985
2025-10-13,206173,Jannik Sinner,2,10000,2,10000,1.6089,1.0,9817,1.0
2025-10-13,100644,Alexander Zverev,3,5930,3,5995,2.029,2.0,9023,1.0
2025-10-13,126203,Taylor Fritz,4,4645,5,4360,5.5233,5.0,5162,0.979
2025-10-13,104925,Novak Djokovic,5,4580,4,4580,5.8719,5.0,5100,0.9436
2025-10-13,210097,Ben Shelton,6,4100,6,4100,17.9418,17.0,2285,0.0775
2025-10-13,200282,Alex De Minaur,7,3935,7,3940,5.3339,5.0,5305,0.9812
2025-10-13,207518,Lorenzo Musetti,8,3645,8,3645,20.5494,19.0,2144,0.0872
2025-10-13,207733,Jack Draper,9,3590,9,3590,12.5222,12.0,3026,0.4017
2025-10-13,111575,Karen Khachanov,10,3190,10,3200,11.1678,11.0,3129,0.459
2025-10-13,208029,Holger Rune,11,3090,11,3090,18.5263,18.0,2220,0.0612
2025-10-13,134770,Casper Ruud,12,2945,13,2870,17.7436,17.0,2314,0.093
2025-10-13,200000,Felix Auger Aliassime,13,2905,12,2980,12.7036,12.0,3017,0.4095
2025-10-13,106421,Daniil Medvedev,14,2610,14,2640,8.9275,8.0,3775,0.7418
2025-10-13,126094,Andrey Rublev,15,2560,14,2640,9.876,9.0,3487,0.6547
2025-10-13,122330,Alexander Bublik,16,2430,21,2175,56.9977,56.0,845,0.0
2025-10-13,208103,Jiri Lehecka,17,2415,16,2445,27.2981,26.0,1650,0.008
2025-10-13,126205,Tommy Paul,18,2360,17,2360,11.0897,10.0,3287,0.5342
2025-10-13,210150,Jakub Mensik,19,2265,20,2190,27.963,26.0,1654,0.013
2025-10-13,200221,Alejandro Davidovich Fokina,20,2260,18,2285,27.6303,26.0,1650,0.009
2025-10-13,202103,Francisco Cerundolo,21,2135,19,2235,15.6922,15.0,2540,0.176
2025-10-13,207925,Flavio Cobolli,22,1950,22,1860,52.2697,51.0,925,0.0
2025-10-13,133430,Denis Shapovalov,23,1838,23,1825,18.7924,18.0,2229,0.0835
2025-10-13,126774,Stefanos Tsitsipas,24,1730,24,1730,24.6535,24.0,1787,0.0135
2025-10-13,200005,Ugo Humbert,25,1725,25,1710,15.1136,15.0,2556,0.1471
2025-10-13,209260,Luciano Darderi,26,1649,32,1515,49.4955,49.0,967,0.0
2025-10-13,134868,Tallon Griekspoor,27,1615,26,1685,44.5225,43.0,1084,0.0
2025-10-13,126239,Arthur Rinderknech,28,1602,28,1590,59.9523,60.0,796,0.0
2025-10-13,126207,Frances Tiafoe,29,1600,27,1620,23.4163,22.0,1898,0.0316
2025-10-13,207830,Tomas Machac,30,1570,33,1485,33.1484,32.0,1423,0.0028
2025-10-20,207989,Carlos Alcaraz,1,11340,1,11340,2.9275,3.0,7708,0.9988
2025-10-20,206173,Jannik Sinner,2,10000,2,10000,1.6082,1.0,9817,1.0
2025-10-20,100644,Alexander Zverev,3,5930,3,5995,2.0269,2.0,9023,1.0
2025-10-20,126203,Taylor Fritz,4,4645,5,4360,5.509,5.0,5162,0.9791
2025-10-20,104925,Novak Djokovic,5,4580,4,4580,5.859,5.0,5100,0.9449
2025-10-20,210097,Ben Shelton,6,4100,6,4100,17.9533,17.0,2285,0.0807
2025-10-20,200282,Alex De Minaur,7,3935,7,3890,5.4037,5.0,5255,0.9793
2025-10-20,207518,Lorenzo Musetti,8,3685,8,3695,18.8415,18.0,2272,0.1135
2025-10-20,207733,Jack Draper,9,3590,9,3590,12.5011,12.0,3026,0.4073
2025-10-20,208029,Holger Rune,10,3180,10,3190,17.7433,17.0,2292,0.0783
2025-10-20,134770,Casper Ruud,11,3145,12,3070,17.4332,17.0,2346,0.1059
2025-10-20,200000,Felix Auger Aliassime,12,3145,11,3180,12.1132,11.0,3106,0.4554
2025-10-20,111575,Karen Khachanov,13,2950,13,2950,11.9304,11.0,3002,0.3923
2025-10-20,106421,Daniil Medvedev,14,2810,14,2890,8.3939,8.0,3907,0.7971
2025-10-20,126094,Andrey Rublev,15,2560,15,2590,10.0745,9.0,3437,0.6372
2025-10-20,122330,Alexander Bublik,16,2430,19,2175,56.7829,56.0,845,0.0
2025-10-20,208103,Jiri Lehecka,17,2415,16,2445,29.1508,28.0,1576,0.0072
2025-10-20,200221,Alejandro Davidovich Fokina,18,2285,17,2310,26.3144,25.0,1710,0.0111
2025-10-20,210150,Jakub Mensik,19,2265,18,2190,27.8972,26.0,1654,0.0138
2025-10-20,126205,Tommy Paul,20,2110,21,2110,12.671,11.0,3037,0.4241
2025-10-20,202103,Francisco Cerundolo,21,2085,20,2135,16.6988,16.0,2440,0.1481
2025-10-20,207925,Flavio Cobolli,22,1975,23,1910,48.9624,48.0,981,0.0
2025-10-20,133430,Denis Shapovalov,23,1928,22,1925,17.495,17.0,2343,0.1134
2025-10-20,200005,Ugo Humbert,24,1880,24,1875,14.6361,14.0,2614,0.1745
2025-10-20,126774,Stefanos Tsitsipas,25,1725,25,1680,25.6084,25.0,1737,0.0126
2025-10-20,209260,Luciano Darderi,26,1649,31,1515,46.5165,46.0,1020,0.0
2025-10-20,126239,Arthur Rinderknech,27,1590,29,1565,61.5268,62.0,771,0.0
2025-10-20,134868,Tallon Griekspoor,28,1565,27,1585,48.0344,47.0,1013,0.0
2025-10-20,126207,Frances Tiafoe,29,1560,28,1570,24.3057,23.0,1848,0.0292
2025-10-20,209950,Arthur Fils,30,1560,30,1560,33.0892,32.0,1418,0.0035
2025-10-27,207989,Carlos Alcaraz,1,11340,1,11340,2.9975,3.0,7708,0.9989
2025-10-27,206173,Jannik Sinner,2,10500,2,10500,1.5017,1.0,10233,1.0
2025-10-27,100644,Alexander Zverev,3,6160,3,6225,2.0539,2.0,9127,1.0
2025-10-27,126203,Taylor Fritz,4,4685,5,4410,5.3033,5.0,5327,0.9879
2025-10-27,104925,Novak Djokovic,5,4580,4,4580,5.8742,5.0,5100,0.9486
2025-10-27,200282,Alex De Minaur,6,3935,6,3890,5.5038,5.0,5220,0.9785
2025-10-27,210097,Ben Shelton,7,3820,7,3820,20.9553,20.0,2036,0.0502
2025-10-27,207518,Lorenzo Musetti,8,3685,8,3695,19.9021,18.0,2177,0.1059
2025-10-27,134770,Casper Ruud,9,3235,10,3170,15.6248,15.0,2492,0.1682
2025-10-27,200000,Felix Auger Aliassime,10,3195,9,3230,11.2104,10.0,3228,0.5299
2025-10-27,207733,Jack Draper,11,3090,11,3090,16.5356,15.0,2526,0.2345
2025-10-27,208029,Holger Rune,12,2990,12,2990,19.816,19.0,2092,0.0533
2025-10-27,106421,Daniil Medvedev,13,2810,13,2940,7.8421,7.0,4064,0.8565
2025-10-27,111575,Karen Khachanov,14,2620,15,2620,13.2499,13.0,2773,0.2912
2025-10-27,200221,Alejandro Davidovich Fokina,15,2585,14,2640,24.1022,23.0,1812,0.0185
2025-10-27,122330,Alexander Bublik,16,2520,18,2275,52.278,51.0,916,0.0
2025-10-27,126094,Andrey Rublev,17,2470,16,2490,10.0154,9.0,3418,0.6491
2025-10-27,208103,Jiri Lehecka,18,2415,17,2445,26.3932,25.0,1688,0.0141
2025-10-27,210150,Jakub Mensik,19,2196,20,2140,27.3083,25.0,1677,0.0172
2025-10-27,126205,Tommy Paul,20,2110,21,2110,12.4163,11.0,3037,0.4448
2025-10-27,202103,Francisco Cerundolo,21,2085,19,2185,15.8091,15.0,2493,0.1802
2025-10-27,200005,Ugo Humbert,22,2030,22,2025,14.3164,14.0,2609,0.1928
2025-10-27,207925,Flavio Cobolli,23,1975,24,1910,50.587,49.0,950,0.0
2025-10-27,133430,Denis Shapovalov,24,1928,23,1925,16.9317,16.0,2367,0.1357
2025-10-27,134868,Tallon Griekspoor,25,1655,25,1685,46.8946,45.0,1031,0.0001
2025-10-27,126774,Stefanos Tsitsipas,26,1625,27,1580,27.3952,26.0,1637,0.0106
2025-10-27,209260,Luciano Darderi,27,1624,30,1465,47.4107,46.0,1001,0.0
2025-10-27,211663,Joao Fonseca,28,1615,39,1255,61.4522,61.0,802,0.0001
2025-10-27,126239,Arthur Rinderknech,29,1590,28,1565,61.4433,62.0,771,0.0
2025-10-27,126207,Frances Tiafoe,30,1520,29,1520,24.9118,23.0,1798,0.0268
2025-11-03,206173,Jannik Sinner,1,11500,1,11500,1.2745,1.0,11042,1.0
2025-11-03,207989,Carlos Alcaraz,2,11250,2,11250,2.7423,3.0,8159,0.9997
2025-11-03,100644,Alexander Zverev,3,5560,3,5625,2.5575,2.0,8399,1.0
2025-11-03,126203,Taylor Fritz,4,4735,5,4500,5.0839,5.0,5558,0.9928
2025-11-03,104925,Novak Djokovic,5,4580,4,4580,5.9704,6.0,5100,0.9499
2025-11-03,210097,Ben Shelton,6,3970,6,3970,19.7397,19.0,2095,0.0634
2025-11-03,200282,Alex De Minaur,7,3935,7,3890,5.5206,5.0,5291,0.9811
2025-11-03,200000,Felix Auger Aliassime,8,3845,8,3880,10.3155,9.0,3391,0.6142
2025-11-03,207518,Lorenzo Musetti,9,3685,9,3695,17.6699,16.0,2329,0.1506
2025-11-03,134770,Casper Ruud,10,3235,10,3170,14.1096,13.0,2632,0.2328
2025-11-03,207733,Jack Draper,11,2990,12,2990,17.3762,16.0,2426,0.2076
2025-11-03,106421,Daniil Medvedev,12,2960,11,3130,7.6275,7.0,4171,0.8864
2025-11-03,122330,Alexander Bublik,13,2870,14,2625,49.8405,49.0,966,0.0001
2025-11-03,200221,Alejandro Davidovich Fokina,14,2635,13,2740,22.4381,21.0,1883,0.0258
2025-11-03,208029,Holger Rune,15,2590,15,2590,26.6523,25.0,1692,0.0179
2025-11-03,126094,Andrey Rublev,16,2560,16,2580,9.6131,9.0,3499,0.6954
2025-11-03,208103,Jiri Lehecka,17,2415,17,2445,24.962,24.0,1740,0.0165
2025-11-03,111575,Karen Khachanov,18,2320,18,2320,15.6535,15.0,2464,0.1664
2025-11-03,210150,Jakub Mensik,19,2180,20,2140,26.901,25.0,1677,0.0185
2025-11-03,126205,Tommy Paul,20,2100,21,2100,12.2961,11.0,3027,0.4474
2025-11-03,202103,Francisco Cerundolo,21,2085,19,2185,15.7284,15.0,2469,0.1749
2025-11-03,207925,Flavio Cobolli,22,2025,22,1960,48.4773,47.0,986,0.0
2025-11-03,133430,Denis Shapovalov,23,1928,23,1935,15.7964,15.0,2446,0.1652
2025-11-03,211663,Joao Fonseca,24,1665,35,1305,58.0991,58.0,851,0.0002
2025-11-03,134868,Tallon Griekspoor,25,1615,24,1645,47.719,46.0,1015,0.0001
2025-11-03,209260,Luciano Darderi,26,1609,30,1465,45.5563,44.0,1036,0.0001
2025-11-03,111815,Cameron Norrie,27,1573,26,1535,43.2624,43.0,1083,0.0
2025-11-03,126239,Arthur Rinderknech,28,1540,27,1515,66.1456,66.0,709,0.0
2025-11-03,126207,Frances Tiafoe,29,1510,28,1510,24.6985,23.0,1788,0.0274
2025-11-03,200473,Valentin Vacherot,30,1483,39,1250,149.8642,147.0,161,0.0
2025-11-10,207989,Carlos Alcaraz,1,11050,2,11250,2.755,3.0,8159,0.9997
2025-11-10,206173,Jannik Sinner,2,10000,1,11500,1.2762,1.0,11042,1.0
2025-11-10,100644,Alexander Zverev,3,4960,3,5625,2.5686,2.0,8399,1.0
2025-11-10,104925,Novak Djokovic,4,4830,4,4830,5.663,5.0,5284,0.9665
2025-11-10,210097,Ben Shelton,5,3970,6,3970,19.6006,18.0,2095,0.0645
2025-11-10,126203,Taylor Fritz,6,3935,5,4500,5.1179,5.0,5558,0.9934
2025-11-10,200282,Alex De Minaur,7,3935,7,3890,5.5506,5.0,5291,0.981
2025-11-10,200000,Felix Auger Aliassime,8,3845,8,3880,10.2857,9.0,3391,0.6184
2025-11-10,207518,Lorenzo Musetti,9,3840,9,3860,16.2159,15.0,2452,0.1914
2025-11-10,207733,Jack Draper,10,2990,12,2990,17.2697,15.0,2426,0.2088
2025-11-10,122330,Alexander Bublik,11,2870,14,2625,44.2895,43.0,1068,0.0001
2025-11-10,134770,Casper Ruud,12,2835,10,3170,14.0352,13.0,2632,0.2374
2025-11-10,106421,Daniil Medvedev,13,2760,11,3130,7.6327,7.0,4171,0.8899
2025-11-10,200221,Alejandro Davidovich Fokina,14,2635,13,2740,22.2666,21.0,1883,0.0262
2025-11-10,208029,Holger Rune,15,2590,15,2590,26.4328,25.0,1692,0.0183
2025-11-10,126094,Andrey Rublev,16,2520,16,2530,9.8132,9.0,3449,0.6755
2025-11-10,208103,Jiri Lehecka,17,2325,17,2345,26.9808,25.0,1640,0.013
2025-11-10,111575,Karen Khachanov,18,2320,18,2320,15.5556,15.0,2464,0.1709
2025-11-10,210150,Jakub Mensik,19,2180,19,2140,26.6611,25.0,1677,0.0191
2025-11-10,126205,Tommy Paul,20,2100,21,2100,12.256,11.0,3027,0.4511
2025-11-10,202103,Francisco Cerundolo,21,2085,20,2135,16.1533,15.0,2419,0.1613
2025-11-10,207925,Flavio Cobolli,22,2025,22,1960,45.6533,44.0,1036,0.0
2025-11-10,133430,Denis Shapovalov,23,1675,23,1685,18.539,17.0,2196,0.1015
2025-11-10,211663,Joao Fonseca,24,1657,36,1305,57.9148,57.0,851,0.0003
2025-11-10,134868,Tallon Griekspoor,25,1615,24,1645,47.408,46.0,1015,0.0001
2025-11-10,209260,Luciano Darderi,26,1609,30,1465,43.2674,42.0,1076,0.0001
2025-11-10,111815,Cameron Norrie,27,1573,26,1535,50.4932,50.0,945,0.0
2025-11-10,210530,Learner Tien,28,1550,29,1490,70.2177,71.0,649,0.0
2025-11-10,126239,Arthur Rinderknech,29,1540,27,1515,63.2405,63.0,746,0.0
2025-11-10,126207,Frances Tiafoe,30,1510,28,1510,24.5099,23.0,1788,0.0283
2025-11-17,207989,Carlos Alcaraz,1,12050,1,12050,2.3927,2.0,8753,0.9999
2025-11-17,206173,Jannik Sinner,2,11500,2,11500,1.3889,1.0,10757,1.0
2025-11-17,100644,Alexander Zverev,3,5160,3,5225,2.7695,3.0,8131,1.0
2025-11-17,104925,Novak Djokovic,4,4830,4,4830,5.6573,5.0,5284,0.964
2025-11-17,200000,Felix Auger Aliassime,5,4245,5,4280,8.9526,8.0,3736,0.7542
2025-11-17,126203,Taylor Fritz,6,4135,9,3900,5.9629,6.0,5035,0.9669
2025-11-17,200282,Alex De Minaur,7,4135,6,4090,5.0169,5.0,5657,0.9921
2025-11-17,207518,Lorenzo Musetti,8,4040,7,4060,14.2845,13.0,2676,0.2798
2025-11-17,210097,Ben Shelton,9,3970,8,3970,17.8541,17.0,2244,0.0967
2025-11-17,207733,Jack Draper,10,2990,10,2990,17.279,15.0,2426,0.2046
2025-11-17,122330,Alexander Bublik,11,2870,14,2625,44.2921,43.0,1068,0.0001
2025-11-17,134770,Casper Ruud,12,2835,12,2770,18.1562,17.0,2232,0.1036
2025-11-17,106421,Daniil Medvedev,13,2760,11,2930,8.2242,8.0,3971,0.8286
2025-11-17,200221,Alejandro Davidovich Fokina,14,2635,13,2740,22.2578,21.0,1883,0.0242
2025-11-17,208029,Holger Rune,15,2590,15,2590,26.4272,25.0,1692,0.019
2025-11-17,126094,Andrey Rublev,16,2520,16,2530,9.8306,9.0,3449,0.6686
2025-11-17,208103,Jiri Lehecka,17,2325,17,2345,26.9736,25.0,1640,0.0123
2025-11-17,111575,Karen Khachanov,18,2320,18,2320,15.5643,15.0,2464,0.1653
2025-11-17,210150,Jakub Mensik,19,2180,19,2140,26.6602,25.0,1677,0.0177
2025-11-17,126205,Tommy Paul,20,2100,21,2100,12.2917,11.0,3027,0.4435
2025-11-17,202103,Francisco Cerundolo,21,2085,20,2135,16.1712,15.0,2419,0.1556
2025-11-17,207925,Flavio Cobolli,22,2025,22,1960,45.6561,44.0,1036,0.0
2025-11-17,133430,Denis Shapovalov,23,1675,23,1685,18.5421,17.0,2196,0.1002
2025-11-17,211663,Joao Fonseca,24,1635,36,1305,57.9158,57.0,851,0.0001
2025-11-17,134868,Tallon Griekspoor,25,1615,24,1645,47.4071,46.0,1015,0.0001
2025-11-17,209260,Luciano Darderi,26,1609,30,1465,43.2664,42.0,1076,0.0001
2025-11-17,111815,Cameron Norrie,27,1573,26,1535,50.4927,50.0,945,0.0
2025-11-17,210530,Learner Tien,28,1550,29,1490,70.2174,71.0,649,0.0
2025-11-17,126239,Arthur Rinderknech,29,1540,27,1515,63.2413,63.0,746,0.0
2025-11-17,126207,Frances Tiafoe,30,1510,28,1510,24.5081,23.0,1788,0.0275
2025-11-24,207989,Carlos Alcaraz,1,12050,1,12050,2.3927,2.0,8753,0.9999
2025-11-24,206173,Jannik Sinner,2,11500,2,11500,1.3889,1.0,10757,1.0
2025-11-24,100644,Alexander Zverev,3,5160,3,5225,2.7695,3.0,8131,1.0
2025-11-24,104925,Novak Djokovic,4,4830,4,4830,5.6573,5.0,5284,0.964
2025-11-24,200000,Felix Auger Aliassime,5,4245,5,4280,8.9526,8.0,3736,0.7542
2025-11-24,126203,Taylor Fritz,6,4135,9,3900,5.9629,6.0,5035,0.9669
2025-11-24,200282,Alex De Minaur,7,4135,6,4090,5.0169,5.0,5657,0.9921
2025-11-24,207518,Lorenzo Musetti,8,4040,7,4060,14.2845,13.0,2676,0.2798
2025-11-24,210097,Ben Shelton,9,3970,8,3970,17.8541,17.0,2244,0.0967
2025-11-24,207733,Jack Draper,10,2990,10,2990,17.279,15.0,2426,0.2046
2025-11-24,122330,Alexander Bublik,11,2870,14,2625,44.2921,43.0,1068,0.0001
2025-11-24,134770,Casper Ruud,12,2835,12,2770,18.1562,17.0,2232,0.1036
2025-11-24,106421,Daniil Medvedev,13,2760,11,2930,8.2242,8.0,3971,0.8286
2025-11-24,200221,Alejandro Davidovich Fokina,14,2635,13,2740,22.2578,21.0,1883,0.0242
2025-11-24,208029,Holger Rune,15,2590,15,2590,26.4272,25.0,1692,0.019
2025-11-24,126094,Andrey Rublev,16,2520,16,2530,9.8306,9.0,3449,0.6686
2025-11-24,208103,Jiri Lehecka,17,2325,17,2345,26.9736,25.0,1640,0.0123
2025-11-24,111575,Karen Khachanov,18,2320,18,2320,15.5643,15.0,2464,0.1653
2025-11-24,210150,Jakub Mensik,19,2180,19,2140,26.6602,25.0,1677,0.0177
2025-11-24,126205,Tommy Paul,20,2100,21,2100,12.2917,11.0,3027,0.4435
2025-11-24,202103,Francisco Cerundolo,21,2085,20,2135,16.1712,15.0,2419,0.1556
2025-11-24,207925,Flavio Cobolli,22,2025,22,1960,45.6561,44.0,1036,0.0
2025-11-24,133430,Denis Shapovalov,23,1675,23,1685,18.5421,17.0,2196,0.1002
2025-11-24,211663,Joao Fonseca,24,1635,36,1305,57.9158,57.0,851,0.0001
2025-11-24,134868,Tallon Griekspoor,25,1615,24,1645,47.4071,46.0,1015,0.0001
2025-11-24,209260,Luciano Darderi,26,1609,30,1465,43.2664,42.0,1076,0.0001
2025-11-24,111815,Cameron Norrie,27,1573,26,1535,50.4927,50.0,945,0.0
2025-11-24,210530,Learner Tien,28,1550,29,1490,70.2174,71.0,649,0.0
2025-11-24,126239,Arthur Rinderknech,29,1540,27,1515,63.2413,63.0,746,0.0
2025-11-24,126207,Frances Tiafoe,30,1510,28,1510,24.5081,23.0,1788,0.0275
2025-12-01,207989,Carlos Alcaraz,1,12050,1,12050,2.3927,2.0,8753,0.9999
2025-12-01,206173,Jannik Sinner,2,11500,2,11500,1.3889,1.0,10757,1.0
2025-12-01,100644,Alexander Zverev,3,5160,3,5225,2.7695,3.0,8131,1.0
2025-12-01,104925,Novak Djokovic,4,4830,4,4830,5.6573,5.0,5284,0.964
2025-12-01,200000,Felix Auger Aliassime,5,4245,5,4280,8.9526,8.0,3736,0.7542
2025-12-01,126203,Taylor Fritz,6,4135,9,3900,5.9629,6.0,5035,0.9669
2025-12-01,200282,Alex De Minaur,7,4135,6,4090,5.0169,5.0,5657,0.9921
2025-12-01,207518,Lorenzo Musetti,8,4040,7,4060,14.2845,13.0,2676,0.2798
2025-12-01,210097,Ben Shelton,9,3970,8,3970,17.8541,17.0,2244,0.0967
2025-12-01,207733,Jack Draper,10,2990,10,2990,17.279,15.0,2426,0.2046
2025-12-01,122330,Alexander Bublik,11,2870,14,2625,44.2921,43.0,1068,0.0001
2025-12-01,134770,Casper Ruud,12,2835,12,2770,18.1562,17.0,2232,0.1036
2025-12-01,106421,Daniil Medvedev,13,2760,11,2930,8.2242,8.0,3971,0.8286
2025-12-01,200221,Alejandro Davidovich Fokina,14,2635,13,2740,22.2578,21.0,1883,0.0242
2025-12-01,208029,Holger Rune,15,2590,15,2590,26.4272,25.0,1692,0.019
2025-12-01,126094,Andrey Rublev,16,2520,16,2530,9.8306,9.0,3449,0.6686
2025-12-01,208103,Jiri Lehecka,17,2325,17,2345,26.9736,25.0,1640,0.0123
2025-12-01,111575,Karen Khachanov,18,2320,18,2320,15.5643,15.0,2464,0.1653
2025-12-01,210150,Jakub Mensik,19,2180,19,2140,26.6602,25.0,1677,0.0177
2025-12-01,126205,Tommy Paul,20,2100,21,2100,12.2917,11.0,3027,0.4435
2025-12-01,202103,Francisco Cerundolo,21,2085,20,2135,16.1712,15.0,2419,0.1556
2025-12-01,207925,Flavio Cobolli,22,2025,22,1960,45.6561,44.0,1036,0.0
2025-12-01,133430,Denis Shapovalov,23,1675,23,1685,18.5421,17.0,2196,0.1002
2025-12-01,211663,Joao Fonseca,24,1635,36,1305,57.9158,57.0,851,0.0001
2025-12-01,134868,Tallon Griekspoor,25,1615,24,1645,47.4071,46.0,1015,0.0001
2025-12-01,209260,Luciano Darderi,26,1609,30,1465,43.2664,42.0,1076,0.0001
2025-12-01,111815,Cameron Norrie,27,1573,26,1535,50.4927,50.0,945,0.0
2025-12-01,210530,Learner Tien,28,1550,29,1490,70.2174,71.0,649,0.0
2025-12-01,126239,Arthur Rinderknech,29,1540,27,1515,63.2413,63.0,746,0.0
2025-12-01,126207,Frances Tiafoe,30,1510,28,1510,24.5081,23.0,1788,0.0275
2025-12-08,207989,Carlos Alcaraz,1,12050,1,12050,2.3927,2.0,8753,0.9999
2025-12-08,206173,Jannik Sinner,2,11500,2,11500,1.3889,1.0,10757,1.0
2025-12-08,100644,Alexander Zverev,3,5160,3,5225,2.7695,3.0,8131,1.0
2025-12-08,104925,Novak Djokovic,4,4830,4,4830,5.6573,5.0,5284,0.964
2025-12-08,200000,Felix Auger Aliassime,5,4245,5,4280,8.9526,8.0,3736,0.7542
2025-12-08,126203,Taylor Fritz,6,4135,9,3900,5.9629,6.0,5035,0.9669
2025-12-08,200282,Alex De Minaur,7,4135,6,4090,5.0169,5.0,5657,0.9921
2025-12-08,207518,Lorenzo Musetti,8,4040,7,4060,14.2845,13.0,2676,0.2798
2025-12-08,210097,Ben Shelton,9,3970,8,3970,17.8541,17.0,2244,0.0967
2025-12-08,207733,Jack Draper,10,2990,10,2990,17.279,15.0,2426,0.2046
2025-12-08,122330,Alexander Bublik,11,2870,14,2625,44.2921,43.0,1068,0.0001
2025-12-08,134770,Casper Ruud,12,2835,12,2770,18.1562,17.0,2232,0.1036
2025-12-08,106421,Daniil Medvedev,13,2760,11,2930,8.2242,8.0,3971,0.8286
2025-12-08,200221,Alejandro Davidovich Fokina,14,2635,13,2740,22.2578,21.0,1883,0.0242
2025-12-08,208029,Holger Rune,15,2590,15,2590,26.4272,25.0,1692,0.019
2025-12-08,126094,Andrey Rublev,16,2520,16,2530,9.8306,9.0,3449,0.6686
2025-12-08,208103,Jiri Lehecka,17,2325,17,2345,26.9736,25.0,1640,0.0123
2025-12-08,111575,Karen Khachanov,18,2320,18,2320,15.5643,15.0,2464,0.1653
2025-12-08,210150,Jakub Mensik,19,2180,19,2140,26.6602,25.0,1677,0.0177
2025-12-08,126205,Tommy Paul,20,2100,21,2100,12.2917,11.0,3027,0.4435
2025-12-08,202103,Francisco Cerundolo,21,2085,20,2135,16.1712,15.0,2419,0.1556
2025-12-08,207925,Flavio Cobolli,22,2025,22,1960,45.6561,44.0,1036,0.0
2025-12-08,133430,Denis Shapovalov,23,1675,23,1685,18.5421,17.0,2196,0.1002
2025-12-08,211663,Joao Fonseca,24,1635,36,1305,57.9158,57.0,851,0.0001
2025-12-08,134868,Tallon Griekspoor,25,1615,24,1645,47.4071,46.0,1015,0.0001
2025-12-08,209260,Luciano Darderi,26,1609,30,1465,43.2664,42.0,1076,0.0001
2025-12-08,111815,Cameron Norrie,27,1573,26,1535,50.4927,50.0,945,0.0
2025-12-08,210530,Learner Tien,28,1550,29,1490,70.2174,71.0,649,0.0
2025-12-08,126239,Arthur Rinderknech,29,1540,27,1515,63.2413,63.0,746,0.0
2025-12-08,126207,Frances Tiafoe,30,1510,28,1510,24.5081,23.0,1788,0.0275
2025-12-15,207989,Carlos Alcaraz,1,12050,1,12050,2.3927,2.0,8753,0.9999
2025-12-15,206173,Jannik Sinner,2,11500,2,11500,1.3889,1.0,10757,1.0
2025-12-15,100644,Alexander Zverev,3,5160,3,5225,2.7695,3.0,8131,1.0
2025-12-15,104925,Novak Djokovic,4,4830,4,4830,5.6573,5.0,5284,0.964
2025-12-15,200000,Felix Auger Aliassime,5,4245,5,4280,8.9526,8.0,3736,0.7542
2025-12-15,126203,Taylor Fritz,6,4135,9,3900,5.9629,6.0,5035,0.9669
2025-12-15,200282,Alex De Minaur,7,4135,6,4090,5.0169,5.0,5657,0.9921
2025-12-15,207518,Lorenzo Musetti,8,4040,7,4060,14.2845,13.0,2676,0.2798
2025-12-15,210097,Ben Shelton,9,3970,8,3970,17.8541,17.0,2244,0.0967
2025-12-15,207733,Jack Draper,10,2990,10,2990,17.279,15.0,2426,0.2046
2025-12-15,122330,Alexander Bublik,11,2870,14,2625,44.2921,43.0,1068,0.0001
2025-12-15,134770,Casper Ruud,12,2835,12,2770,18.1562,17.0,2232,0.1036
2025-12-15,106421,Daniil Medvedev,13,2760,11,2930,8.2242,8.0,3971,0.8286
2025-12-15,200221,Alejandro Davidovich Fokina,14,2635,13,2740,22.2578,21.0,1883,0.0242
2025-12-15,208029,Holger Rune,15,2590,15,2590,26.4272,25.0,1692,0.019
2025-12-15,126094,Andrey Rublev,16,2520,16,2530,9.8306,9.0,3449,0.6686
2025-12-15,208103,Jiri Lehecka,17,2325,17,2345,26.9736,25.0,1640,0.0123
2025-12-15,111575,Karen Khachanov,18,2320,18,2320,15.5643,15.0,2464,0.1653
2025-12-15,210150,Jakub Mensik,19,2180,19,2140,26.6602,25.0,1677,0.0177
2025-12-15,126205,Tommy Paul,20,2100,21,2100,12.2917,11.0,3027,0.4435
2025-12-15,202103,Francisco Cerundolo,21,2085,20,2135,16.1712,15.0,2419,0.1556
2025-12-15,207925,Flavio Cobolli,22,2025,22,1960,45.6561,44.0,1036,0.0
2025-12-15,133430,Denis Shapovalov,23,1675,23,1685,18.5421,17.0,2196,0.1002
2025-12-15,211663,Joao Fonseca,24,1635,36,1305,57.9158,57.0,851,0.0001
2025-12-15,134868,Tallon Griekspoor,25,1615,24,1645,47.4071,46.0,1015,0.0001
2025-12-15,209260,Luciano Darderi,26,1609,30,1465,43.2664,42.0,1076,0.0001
2025-12-15,111815,Cameron Norrie,27,1573,26,1535,50.4927,50.0,945,0.0
2025-12-15,210530,Learner Tien,28,1550,29,1490,70.2174,71.0,649,0.0
2025-12-15,126239,Arthur Rinderknech,29,1540,27,1515,63.2413,63.0,746,0.0
2025-12-15,126207,Frances Tiafoe,30,1510,28,1510,24.5081,23.0,1788,0.0275
2025-12-22,207989,Carlos Alcaraz,1,12050,1,12050,2.3927,2.0,8753,0.9999
2025-12-22,206173,Jannik Sinner,2,11500,2,11500,1.3889,1.0,10757,1.0
2025-12-22,100644,Alexander Zverev,3,5160,3,5225,2.7695,3.0,8131,1.0
2025-12-22,104925,Novak Djokovic,4,4830,4,4830,5.6573,5.0,5284,0.964
2025-12-22,200000,Felix Auger Aliassime,5,4245,5,4280,8.9526,8.0,3736,0.7542
2025-12-22,126203,Taylor Fritz,6,4135,9,3900,5.9629,6.0,5035,0.9669
2025-12-22,200282,Alex De Minaur,7,4135,6,4090,5.0169,5.0,5657,0.9921
2025-12-22,207518,Lorenzo Musetti,8,4040,7,4060,14.2845,13.0,2676,0.2798
2025-12-22,210097,Ben Shelton,9,3970,8,3970,17.8541,17.0,2244,0.0967
2025-12-22,207733,Jack Draper,10,2990,10,2990,17.279,15.0,2426,0.2046
2025-12-22,122330,Alexander Bublik,11,2870,14,2625,44.2921,43.0,1068,0.0001
2025-12-22,134770,Casper Ruud,12,2835,12,2770,18.1562,17.0,2232,0.1036
2025-12-22,106421,Daniil Medvedev,13,2760,11,2930,8.2242,8.0,3971,0.8286
2025-12-22,200221,Alejandro Davidovich Fokina,14,2635,13,2740,22.2578,21.0,1883,0.0242
2025-12-22,208029,Holger Rune,15,2590,15,2590,26.4272,25.0,1692,0.019
2025-12-22,126094,Andrey Rublev,16,2520,16,2530,9.8306,9.0,3449,0.6686
2025-12-22,208103,Jiri Lehecka,17,2325,17,2345,26.9736,25.0,1640,0.0123
2025-12-22,111575,Karen Khachanov,18,2320,18,2320,15.5643,15.0,2464,0.1653
2025-12-22,210150,Jakub Mensik,19,2180,19,2140,26.6602,25.0,1677,0.0177
2025-12-22,126205,Tommy Paul,20,2100,21,2100,12.2917,11.0,3027,0.4435
2025-12-22,202103,Francisco Cerundolo,21,2085,20,2135,16.1712,15.0,2419,0.1556
2025-12-22,207925,Flavio Cobolli,22,2025,22,1960,45.6561,44.0,1036,0.0
2025-12-22,133430,Denis Shapovalov,23,1675,23,1685,18.5421,17.0,2196,0.1002
2025-12-22,211663,Joao Fonseca,24,1635,36,1305,57.9158,57.0,851,0.0001
2025-12-22,134868,Tallon Griekspoor,25,1615,24,1645,47.4071,46.0,1015,0.0001
2025-12-22,209260,Luciano Darderi,26,1609,30,1465,43.2664,42.0,1076,0.0001
2025-12-22,111815,Cameron Norrie,27,1573,26,1535,50.4927,50.0,945,0.0
2025-12-22,210530,Learner Tien,28,1550,29,1490,70.2174,71.0,649,0.0
2025-12-22,126239,Arthur Rinderknech,29,1540,27,1515,63.2413,63.0,746,0.0
2025-12-22,126207,Frances Tiafoe,30,1510,28,1510,24.5081,23.0,1788,0.0275
2025-12-29,207989,Carlos Alcaraz,1,12050,1,12050,2.3927,2.0,8753,0.9999
2025-12-29,206173,Jannik Sinner,2,11500,2,11500,1.3889,1.0,10757,1.0
2025-12-29,100644,Alexander Zverev,3,5110,3,5225,2.7695,3.0,8131,1.0
2025-12-29,104925,Novak Djokovic,4,4820,4,4830,5.6573,5.0,5284,0.964
2025-12-29,200000,Felix Auger Aliassime,5,4190,5,4280,8.9526,8.0,3736,0.7542
2025-12-29,126203,Taylor Fritz,6,4085,9,3900,5.9629,6.0,5035,0.9669
2025-12-29,200282,Alex De Minaur,7,4080,6,4090,5.0169,5.0,5657,0.9921
2025-12-29,207518,Lorenzo Musetti,8,3990,7,4060,14.2845,13.0,2676,0.2798
2025-12-29,210097,Ben Shelton,9,3960,8,3970,17.8541,17.0,2244,0.0967
2025-12-29,207733,Jack Draper,10,2990,10,2990,17.279,15.0,2426,0.2046
2025-12-29,122330,Alexander Bublik,11,2845,14,2625,44.2921,43.0,1068,0.0001
2025-12-29,134770,Casper Ruud,12,2825,12,2770,18.1562,17.0,2232,0.1036
2025-12-29,106421,Daniil Medvedev,13,2710,11,2930,8.2242,8.0,3971,0.8286
2025-12-29,200221,Alejandro Davidovich Fokina,14,2585,13,2740,22.2578,21.0,1883,0.0242
2025-12-29,208029,Holger Rune,15,2580,15,2590,26.4272,25.0,1692,0.019
2025-12-29,126094,Andrey Rublev,16,2510,16,2530,9.8306,9.0,3449,0.6686
2025-12-29,111575,Karen Khachanov,17,2320,18,2320,15.5643,15.0,2464,0.1653
2025-12-29,208103,Jiri Lehecka,18,2315,17,2345,26.9736,25.0,1640,0.0123
2025-12-29,210150,Jakub Mensik,19,2150,19,2140,26.6602,25.0,1677,0.0177
2025-12-29,126205,Tommy Paul,20,2050,21,2100,12.2917,11.0,3027,0.4435
2025-12-29,202103,Francisco Cerundolo,21,2035,20,2135,16.1712,15.0,2419,0.1556
2025-12-29,207925,Flavio Cobolli,22,2000,22,1960,45.6561,44.0,1036,0.0
2025-12-29,133430,Denis Shapovalov,23,1665,23,1685,18.5421,17.0,2196,0.1002
2025-12-29,211663,Joao Fonseca,24,1635,36,1305,57.9158,57.0,851,0.0001
2025-12-29,209260,Luciano Darderi,25,1579,30,1465,43.2664,42.0,1076,0.0001
2025-12-29,134868,Tallon Griekspoor,26,1565,24,1645,47.4071,46.0,1015,0.0001
2025-12-29,111815,Cameron Norrie,27,1563,26,1535,50.4927,50.0,945,0.0
2025-12-29,210530,Learner Tien,28,1540,29,1490,70.2174,71.0,649,0.0
2025-12-29,126239,Arthur Rinderknech,29,1527,27,1515,63.2413,63.0,746,0.0
2025-12-29,126207,Frances Tiafoe,30,1500,28,1510,24.5081,23.0,1788,0.0275
