player_id,name,mean_points,sd_points,p05_points,p95_points,mean_rank,median_rank,p_top1,p_top4,p_top8,p_top10,actual_points_same_table,actual_rank_same_table,official_rank,official_points
206173,Jannik Sinner,10757,1624,7950,13350,1.3889,1.0,0.7094,0.997,1.0,1.0,11500,2,2,11500
207989,Carlos Alcaraz,8753,1709,6040,11600,2.3927,2.0,0.185,0.9613,0.9996,0.9999,12050,1,1,12050
100644,Alexander Zverev,8131,1608,5600,10895,2.7695,3.0,0.0996,0.9332,0.9992,1.0,5225,3,3,5110
200282,Alex De Minaur,5657,1242,3770,7870,5.0169,5.0,0.0038,0.4405,0.9615,0.9921,4090,6,7,4080
104925,Novak Djokovic,5284,1334,3235,7600,5.6573,5.0,0.0034,0.3329,0.9064,0.964,4830,4,4,4820
126203,Taylor Fritz,5035,1172,3250,7105,5.9629,6.0,0.0005,0.2338,0.8999,0.9669,3900,9,6,4085
106421,Daniil Medvedev,3971,982,2530,5730,8.2242,8.0,0.0001,0.0487,0.6239,0.8286,2930,11,13,2710
200000,Felix Auger Aliassime,3736,951,2345,5440,8.9526,8.0,0.0001,0.03,0.5267,0.7542,4280,5,5,4190
126094,Andrey Rublev,3449,835,2220,4950,9.8306,9.0,0.0,0.013,0.3916,0.6686,2530,16,16,2510
126205,Tommy Paul,3027,896,1765,4690,12.2917,11.0,0.0,0.0081,0.2324,0.4435,2100,21,20,2050
207518,Lorenzo Musetti,2676,752,1585,4030,14.2845,13.0,0.0,0.0011,0.1116,0.2798,4060,7,8,3990
111575,Karen Khachanov,2464,634,1550,3595,15.5643,15.0,0.0,0.0008,0.0526,0.1653,2320,18,17,2320
207733,Jack Draper,2426,850,1270,4000,17.279,15.0,0.0,0.0023,0.0923,0.2046,2990,10,10,2990
202103,Francisco Cerundolo,2419,648,1475,3585,16.1712,15.0,0.0,0.0002,0.0492,0.1556,2135,20,21,2035
210097,Ben Shelton,2244,607,1375,3345,17.8541,17.0,0.0,0.0002,0.0296,0.0967,3970,8,9,3960
134770,Casper Ruud,2232,626,1320,3360,18.1562,17.0,0.0,0.0,0.03,0.1036,2770,12,12,2825
133430,Denis Shapovalov,2196,637,1310,3350,18.5421,17.0,0.0,0.0001,0.0292,0.1002,1685,23,23,1665
206909,Brandon Nakashima,2170,552,1380,3165,18.3682,17.0,0.0,0.0001,0.0185,0.0677,1600,25,35,1380
200005,Ugo Humbert,1959,557,1180,2975,21.4073,20.0,0.0,0.0003,0.0106,0.04,1375,34,37,1370
200221,Alejandro Davidovich Fokina,1883,500,1185,2795,22.2578,21.0,0.0,0.0,0.0051,0.0242,2740,13,14,2585
126207,Frances Tiafoe,1788,549,1030,2790,24.5081,23.0,0.0,0.0,0.0073,0.0275,1510,28,30,1500
126610,Matteo Berrettini,1707,630,895,2905,27.1449,25.0,0.0,0.0001,0.0094,0.0343,945,54,56,945
208029,Holger Rune,1692,532,960,2670,26.4272,25.0,0.0,0.0,0.0034,0.019,2590,15,15,2580
210150,Jakub Mensik,1677,525,945,2640,26.6602,25.0,0.0,0.0,0.0037,0.0177,2140,19,19,2150
208103,Jiri Lehecka,1640,484,980,2545,26.9736,25.0,0.0,0.0,0.0028,0.0123,2345,17,18,2315
105777,Grigor Dimitrov,1539,565,830,2615,30.4875,29.0,0.0,0.0002,0.0052,0.0188,1180,44,44,1180
126774,Stefanos Tsitsipas,1437,466,800,2290,32.3411,30.0,0.0,0.0,0.0016,0.0059,1380,33,36,1380
207830,Tomas Machac,1389,438,810,2200,33.3387,32.0,0.0,0.0,0.0007,0.0038,1360,35,32,1445
132686,Nuno Borges,1379,378,845,2050,32.8942,31.0,0.0,0.0,0.0001,0.0014,1200,43,47,1120
200624,Sebastian Korda,1342,444,760,2190,35.1455,33.0,0.0,0.0,0.0006,0.004,1090,47,48,1090
144869,Tomas Martin Etcheverry,1336,356,830,1990,34.0739,32.0,0.0,0.0,0.0,0.0002,920,55,59,895
210506,Alex Michelsen,1322,402,780,2065,35.1493,33.0,0.0,0.0,0.0004,0.0023,1180,44,38,1300
200267,Zizou Bergs,1292,374,785,1965,35.8147,34.0,0.0,0.0,0.0003,0.0012,1215,41,42,1208
144719,Jaume Munar,1231,377,690,1905,38.4577,36.0,0.0,0.0,0.0002,0.0004,1405,31,33,1385
200175,Miomir Kecmanovic,1208,350,730,1855,38.6633,37.0,0.0,0.0,0.0,0.0004,980,51,51,1015
209950,Arthur Fils,1118,427,570,1920,44.2606,42.0,0.0,0.0,0.0003,0.0015,1260,38,39,1260
202104,Sebastian Baez,1105,346,630,1740,43.3237,41.0,0.0,0.0,0.0,0.0001,1140,46,45,1145
209260,Luciano Darderi,1076,269,685,1555,43.2664,42.0,0.0,0.0,0.0,0.0001,1465,30,25,1579
122330,Alexander Bublik,1068,303,640,1605,44.2921,43.0,0.0,0.0,0.0,0.0001,2625,14,11,2845
207925,Flavio Cobolli,1036,286,630,1555,45.6561,44.0,0.0,0.0,0.0,0.0,1960,22,22,2000
124187,Reilly Opelka,1033,330,605,1645,46.5106,45.0,0.0,0.0,0.0,0.0003,970,53,52,1013
134868,Tallon Griekspoor,1015,321,580,1595,47.4071,46.0,0.0,0.0,0.0,0.0001,1645,24,26,1565
209113,Gabriel Diallo,1012,314,580,1590,47.4168,46.0,0.0,0.0,0.0,0.0001,1220,40,41,1228
209098,Hamad Medjedovic,998,385,495,1715,49.8114,48.0,0.0,0.0,0.0,0.0005,575,75,81,718
200615,Alexei Popyrin,982,329,555,1590,49.3493,48.0,0.0,0.0,0.0001,0.0007,1000,50,53,1000
132283,Lorenzo Sonego,972,272,595,1470,48.8255,48.0,0.0,0.0,0.0,0.0,1295,37,40,1255
126127,Benjamin Bonzi,959,313,550,1530,50.2814,49.0,0.0,0.0,0.0,0.0002,595,71,94,667
208363,Mariano Navone,945,332,498,1555,51.7207,50.0,0.0,0.0,0.0001,0.0002,600,70,75,760
111815,Cameron Norrie,945,276,565,1450,50.4927,50.0,0.0,0.0,0.0,0.0,1535,26,27,1563
144895,Corentin Moutet,944,272,570,1445,50.4284,50.0,0.0,0.0,0.0,0.0,1390,32,34,1383
207352,Bu Yunchaokete,909,290,510,1443,53.0904,52.0,0.0,0.0,0.0,0.0,375,95,123,499
106218,Marcos Giron,899,253,550,1365,52.8705,52.0,0.0,0.0,0.0,0.0,865,56,65,845
111460,Quentin Halys,889,284,505,1405,54.0455,53.0,0.0,0.0,0.0,0.0,590,72,91,669
105526,Jan Lennard Struff,860,302,460,1420,56.362,56.0,0.0,0.0,0.0,0.0003,580,74,83,711
211663,Joao Fonseca,851,339,420,1485,57.9158,57.0,0.0,0.0,0.0,0.0001,1305,36,24,1635
208659,Giovanni Mpetshi Perricard,843,294,480,1415,57.2811,57.0,0.0,0.0,0.0,0.0,770,60,58,915
111794,Kamil Majchrzak,836,412,348,1620,60.8596,61.0,0.0,0.0,0.0002,0.0011,555,79,62,861
208286,Matteo Arnaldi,787,250,455,1245,60.3562,60.0,0.0,0.0,0.0,0.0,845,57,61,873
126128,Roman Safiullin,786,310,405,1375,61.727,62.0,0.0,0.0,0.0,0.0,265,107,172,338
104792,Gael Monfils,777,306,390,1355,62.4172,63.0,0.0,0.0,0.0,0.0,825,59,68,825
206681,Fabian Marozsan,757,209,475,1140,61.7691,62.0,0.0,0.0,0.0,0.0,1040,48,54,1000
126846,Aleksandar Vukic,749,201,470,1115,62.2777,62.0,0.0,0.0,0.0,0.0,575,75,84,708
126239,Arthur Rinderknech,746,237,425,1180,63.2413,63.0,0.0,0.0,0.0,0.0,1515,27,29,1527
105138,Roberto Bautista Agut,740,245,400,1190,63.846,64.0,0.0,0.0,0.0,0.0,670,65,90,670
124186,Alexandre Muller,738,228,425,1165,63.6438,64.0,0.0,0.0,0.0,0.0,1210,42,43,1205
126214,Alejandro Tabilo,708,216,400,1095,65.8087,66.0,0.0,0.0,0.0,0.0,585,73,82,717
128034,Hubert Hurkacz,701,314,320,1265,68.411,69.0,0.0,0.0,0.0,0.0003,710,62,72,765
105676,David Goffin,697,207,425,1075,66.5422,67.0,0.0,0.0,0.0,0.0,455,87,119,525
207681,Francisco Comesana,690,223,400,1095,67.4105,68.0,0.0,0.0,0.0,0.0,715,61,67,829
111442,Jordan Thompson,686,244,380,1145,68.0762,69.0,0.0,0.0,0.0,0.0,565,78,108,586
106000,Damir Dzumhur,671,202,385,1030,68.4663,69.0,0.0,0.0,0.0,0.0,680,64,66,837
127157,Daniel Altmaier,661,195,390,1015,69.2715,70.0,0.0,0.0,0.0,0.0,1040,48,46,1123
210530,Learner Tien,649,195,390,1005,70.2174,71.0,0.0,0.0,0.0,0.0,1490,29,28,1540
111513,Laslo Djere,643,265,305,1120,72.36,73.0,0.0,0.0,0.0,0.0,535,83,98,652
207985,Jacob Fearnley,604,205,340,980,74.3998,76.0,0.0,0.0,0.0,0.0,635,67,71,777
208316,Valentin Royer,596,281,265,1125,77.0558,78.0,0.0,0.0,0.0,0.0001,430,91,57,924
209070,Arthur Cazaux,592,201,315,950,75.4883,76.0,0.0,0.0,0.0,0.0,615,68,64,848
206499,Aleksandar Kovacevic,590,184,345,930,75.3858,76.0,0.0,0.0,0.0,0.0,553,80,60,877
124079,Pedro Martinez,586,181,330,915,75.7476,76.0,0.0,0.0,0.0,0.0,668,66,92,668
200116,Camilo Ugo Carabelli,584,178,340,905,75.7664,76.0,0.0,0.0,0.0,0.0,835,58,49,1028
105916,Marton Fucsovics,579,222,280,990,77.3372,78.0,0.0,0.0,0.0,0.0,695,63,55,956
106148,Roberto Carballes Baena,579,212,295,970,76.9804,78.0,0.0,0.0,0.0,0.0,405,93,129,469
122298,Botic Van De Zandschulp,545,201,280,920,80.1061,81.0,0.0,0.0,0.0,0.0,615,68,77,746
210319,Ethan Quinn,530,198,280,900,81.397,82.0,0.0,0.0,0.0,0.0,490,85,70,789
208233,Mattia Bellucci,502,187,265,845,84.068,85.0,0.0,0.0,0.0,0.0,553,80,76,758
105583,Dusan Lajovic,469,176,240,800,87.3921,88.0,0.0,0.0,0.0,0.0,160,127,121,513
202385,Jenson Brooksby,464,202,225,845,88.6748,90.0,0.0,0.0,0.0,0.0,975,52,50,1017
200443,Adam Walton,462,147,260,728,87.6079,88.0,0.0,0.0,0.0,0.0,490,85,78,732
124116,Sebastian Ofner,438,172,220,755,91.0789,92.0,0.0,0.0,0.0,0.0,370,96,132,463
111797,Nicolas Jarry,430,172,215,748,92.0164,93.0,0.0,0.0,0.0,0.0,435,89,122,501
207411,Jesper De Jong,424,198,185,785,93.728,94.0,0.0,0.0,0.0,0.0,550,82,74,763
202358,Chun Hsin Tseng,394,191,160,765,97.7808,98.0,0.0,0.0,0.0,0.0,195,118,124,498
200384,Hugo Gaston,376,132,210,623,97.5979,98.0,0.0,0.0,0.0,0.0,315,100,96,653
210262,Jaime Faria,375,213,140,770,101.5219,101.0,0.0,0.0,0.0,0.0,230,112,151,405
207686,Alexander Shevchenko,369,133,195,615,98.6105,99.0,0.0,0.0,0.0,0.0,410,92,97,652
111456,Mackenzie Mcdonald,357,132,190,600,100.369,100.0,0.0,0.0,0.0,0.0,308,102,114,546
106331,Christopher Oconnell,349,114,195,555,100.8308,101.0,0.0,0.0,0.0,0.0,438,88,116,536
106415,Yoshihito Nishioka,348,125,193,578,101.2779,101.0,0.0,0.0,0.0,0.0,345,97,110,560
207678,Juan Manuel Cerundolo,344,163,145,660,103.9823,103.0,0.0,0.0,0.0,0.0,300,103,86,700
105173,Adrian Mannarino,335,134,165,590,103.7835,104.0,0.0,0.0,0.0,0.0,570,77,69,817
105807,Pablo Carreno Busta,333,171,140,633,105.7066,106.0,0.0,0.0,0.0,0.0,248,108,93,668
209992,Juncheng Shang,317,193,130,680,109.475,111.0,0.0,0.0,0.0,0.0,215,116,253,215
105932,Nikoloz Basilashvili,317,151,140,600,107.6825,107.0,0.0,0.0,0.0,0.0,240,109,109,573
105227,Marin Cilic,304,163,125,620,110.6296,112.0,0.0,0.0,0.0,0.0,435,89,73,765
209279,Terence Atmane,302,123,155,530,108.6594,109.0,0.0,0.0,0.0,0.0,515,84,63,855
106198,Hugo Dellien,286,141,125,550,112.7217,113.0,0.0,0.0,0.0,0.0,125,136,140,438
209262,Tristan Schoolkate,270,110,140,465,113.5118,114.0,0.0,0.0,0.0,0.0,230,112,100,641
209209,Filip Misolic,270,138,108,513,116.4732,115.0,0.0,0.0,0.0,0.0,285,105,80,724
208014,Rinky Hijikata,266,86,145,420,113.3735,112.0,0.0,0.0,0.0,0.0,310,101,113,546
208859,Francesco Passaro,263,149,90,530,118.6713,117.0,0.0,0.0,0.0,0.0,170,124,138,441
207729,Tristan Boyer,262,115,130,480,115.933,116.0,0.0,0.0,0.0,0.0,190,120,180,326
111190,Zhizhen Zhang,254,112,105,465,117.6285,117.0,0.0,0.0,0.0,0.0,105,143,410,115
105870,Yannick Hanfmann,248,126,100,485,120.1176,119.0,0.0,0.0,0.0,0.0,320,99,104,623
200240,Vit Kopriva,248,95,133,430,117.6841,118.0,0.0,0.0,0.0,0.0,288,104,103,626
106426,Cristian Garin,233,138,70,485,126.229,125.0,0.0,0.0,0.0,0.0,150,130,79,726
210460,Nishesh Basavareddy,232,122,95,460,123.7008,124.0,0.0,0.0,0.0,0.0,233,111,167,349
212256,Colton Smith,228,127,80,465,125.1933,126.0,0.0,0.0,0.0,0.0,100,144,146,424
209409,Coleman Wong,222,116,85,440,125.609,126.0,0.0,0.0,0.0,0.0,190,120,150,406
106283,Mitchell Krueger,222,158,50,500,130.2432,127.0,0.0,0.0,0.0,0.0,50,172,206,284
207680,Facundo Diaz Acosta,217,151,35,515,133.3885,130.0,0.0,0.0,0.0,0.0,100,144,212,275
202320,Beibit Zhukayev,212,199,35,525,138.6113,137.0,0.0,0.0,0.0,0.0,10,218,279,193
133297,Yosuke Watanuki,210,186,40,580,138.1965,140.0,0.0,0.0,0.0,0.0,130,134,159,380
200259,Ugo Blanchet,208,144,65,430,131.092,130.0,0.0,0.0,0.0,0.0,130,134,145,427
211514,Justin Engel,206,145,50,505,134.9261,133.0,0.0,0.0,0.0,0.0,100,144,186,316
105902,James Duckworth,205,78,100,345,126.4983,126.0,0.0,0.0,0.0,0.0,285,105,87,694
207182,Emilio Nava,199,147,65,505,134.1939,136.0,0.0,0.0,0.0,0.0,190,120,88,677
205734,Thiago Seyboth Wild,199,119,65,435,132.8874,132.0,0.0,0.0,0.0,0.0,180,123,217,263
104527,Stan Wawrinka,192,95,80,365,132.2077,131.0,0.0,0.0,0.0,0.0,165,126,157,397
127339,Borna Gojo,187,134,35,450,140.0239,138.0,0.0,0.0,0.0,0.0,10,218,295,178
105453,Kei Nishikori,181,94,65,350,135.7185,134.0,0.0,0.0,0.0,0.0,335,98,156,397
200473,Valentin Vacherot,161,141,30,475,150.8836,147.0,0.0,0.0,0.0,0.0,1250,39,31,1483
200059,Yibing Wu,155,118,40,365,148.8706,147.0,0.0,0.0,0.0,0.0,170,124,181,322
209976,Dino Prizmic,150,137,10,390,157.3565,151.0,0.0,0.0,0.0,0.0,85,154,127,487
202058,Thiago Agustin Tirante,150,96,50,340,146.9533,146.0,0.0,0.0,0.0,0.0,75,158,106,605
111581,Michael Mmoh,145,124,25,390,156.9229,153.0,0.0,0.0,0.0,0.0,75,158,287,184
209857,Leandro Riedi,144,178,30,310,154.0983,153.0,0.0,0.0,0.0,0.0,220,115,179,326
209263,Matteo Gigante,144,104,70,300,148.5,150.0,0.0,0.0,0.0,0.0,200,117,148,407
209920,Raphael Collignon,142,84,45,298,151.3368,146.0,0.0,0.0,0.0,0.0,235,110,85,704
106329,Thiago Monteiro,141,100,20,325,152.2421,149.0,0.0,0.0,0.0,0.0,95,151,197,304
106401,Nick Kyrgios,141,102,50,265,150.3996,146.0,0.0,0.0,0.0,0.0,50,172,671,50
208134,Luca Nardi,139,45,80,220,144.6026,144.0,0.0,0.0,0.0,0.0,385,94,107,599
106432,Borna Coric,139,71,70,265,147.3322,147.0,0.0,0.0,0.0,0.0,50,172,115,538
210202,Rodrigo Pacheco Mendez,138,114,0,350,159.3296,154.0,0.0,0.0,0.0,0.0,100,144,231,247
144750,Lloyd Harris,137,152,30,310,158.3097,155.0,0.0,0.0,0.0,0.0001,110,139,222,256
208278,Shintaro Mochizuki,135,70,50,260,149.6701,147.0,0.0,0.0,0.0,0.0,160,127,99,647
111153,Christopher Eubanks,135,93,20,285,155.3118,149.0,0.0,0.0,0.0,0.0,95,151,264,202
208230,Alibek Kachmazov,135,112,25,350,162.0201,156.0,0.0,0.0,0.0,0.0,0,246,370,130
105732,Pierre Hugues Herbert,128,65,45,245,154.4163,151.0,0.0,0.0,0.0,0.0,135,133,155,399
200273,Hady Habib,127,81,10,275,155.9761,151.0,0.0,0.0,0.0,0.0,50,172,245,228
200587,Brandon Holt,125,67,40,250,154.4185,152.0,0.0,0.0,0.0,0.0,65,165,112,553
209860,Ignacio Buse,125,113,10,350,166.2878,165.0,0.0,0.0,0.0,0.0,110,139,102,627
212309,Diego Dedura Palomero,121,133,0,400,174.084,161.0,0.0,0.0,0.0,0.0,50,172,386,127
208118,Eliot Spizzirri,119,72,45,285,160.221,161.0,0.0,0.0,0.0,0.0,155,129,89,672
210696,Alexander Blockx,118,70,50,285,157.7853,159.0,0.0,0.0,0.0,0.0,75,158,117,535
123755,Daniel Elahi Galan,118,67,30,240,158.2773,156.0,0.0,0.0,0.0,0.0,90,153,152,405
126129,Billy Harris,115,64,30,230,158.8462,155.0,0.0,0.0,0.0,0.0,120,137,128,482
104755,Richard Gasquet,114,66,45,235,161.6925,157.0,0.0,0.0,0.0,0.0,150,130,313,165
149282,Nicolai Budkov Kjaer,112,91,0,300,167.2168,162.0,0.0,0.0,0.0,0.0,25,198,136,448
206748,Giulio Zeppieri,111,87,30,235,161.9549,165.0,0.0,0.0,0.0,0.0,55,171,154,402
202261,Otto Virtanen,111,77,20,260,167.481,166.0,0.0,0.0,0.0,0.0,115,138,126,488
210317,James Mccabe,109,80,20,235,164.2575,158.0,0.0,0.0,0.0,0.0,60,166,193,309
133975,Benjamin Hassan,109,151,10,200,176.2296,183.0,0.0,0.0,0.0,0.0,10,218,254,214
207969,Stefan Dostanic,108,110,10,260,166.3085,157.0,0.0,0.0,0.0,0.0,23,215,589,63
208010,Pablo Llamas Ruiz,108,93,20,270,168.5,168.0,0.0,0.0,0.0,0.0,70,163,213,274
126535,Carlos Taberner,107,94,10,295,169.4051,172.0,0.0,0.0,0.0,0.0,195,118,101,630
210748,Federico Cina,97,66,50,185,166.9059,170.0,0.0,0.0,0.0,0.0,70,163,236,240
104926,Fabio Fognini,92,42,40,165,168.4789,170.0,0.0,0.0,0.0,0.0,40,188,,
209284,Elmer Moller,89,68,40,220,174.5582,177.0,0.0,0.0,0.0,0.0,40,188,120,517
207785,George Loffhagen,88,74,10,200,171.2648,172.0,0.0,0.0,0.0,0.0,10,218,211,278
200416,August Holmgren,88,80,20,230,182.0869,180.0,0.0,0.0,0.0,0.0,110,139,190,312
208843,Jerome Kym,86,96,10,250,181.759,183.0,0.0,0.0,0.0,0.0,150,130,187,315
208502,Dominic Stricker,84,67,10,200,177.4532,175.0,0.0,0.0,0.0,0.0,35,191,365,133
106423,Thanasi Kokkinakis,83,76,10,225,180.5735,180.0,0.0,0.0,0.0,0.0,100,144,454,100
105554,Daniel Evans,82,60,10,200,178.3857,176.0,0.0,0.0,0.0,0.0,225,114,185,317
105487,Facundo Bagnis,79,77,10,260,185.8444,185.0,0.0,0.0,0.0,0.0,30,194,398,120
207494,Dalibor Svrcina,78,66,20,245,186.4221,183.0,0.0,0.0,0.0,0.0,110,139,95,655
106071,Bernard Tomic,78,70,0,250,184.1254,185.0,0.0,0.0,0.0,0.0,25,198,192,312
126663,Juan Pablo Ficovich,78,89,10,250,188.0291,188.0,0.0,0.0,0.0,0.0,80,156,161,369
212021,Martin Landaluce,77,46,30,160,178.5936,178.0,0.0,0.0,0.0,0.0,50,172,135,449
210464,Darwin Blanch,77,75,10,260,188.3783,184.0,0.0,0.0,0.0,0.0,23,215,300,176
208361,Gustavo Heide,76,80,0,225,189.1151,183.0,0.0,0.0,0.0,0.0,25,198,241,232
208210,Chris Rodesch,76,161,10,200,193.1492,189.0,0.0,0.0,0.0,0.0,10,218,209,280
200610,Oliver Crawford,71,113,10,200,195.591,190.0,0.0,0.0,0.0,0.0,10,218,200,293
208882,Roman Andres Burruchaga,69,67,10,210,190.81,187.0,0.0,0.0,0.0,0.0,80,156,105,607
106109,Alex Bolt,69,74,10,200,189.4594,183.0,0.0,0.0,0.0,0.0,10,218,171,339
105948,Federico Coria,68,50,10,160,186.826,181.0,0.0,0.0,0.0,0.0,85,154,269,200
126964,Vitaliy Sachko,68,89,0,225,198.3466,189.0,0.0,0.0,0.0,0.0,100,144,169,349
207608,Timofey Skatov,66,61,0,190,191.1284,187.0,0.0,0.0,0.0,0.0,0,246,237,238
144870,Federico Agustin Gomez,66,57,20,160,192.3637,183.0,0.0,0.0,0.0,0.0,60,166,183,319
200385,Dan Added,65,72,0,250,197.8355,188.0,0.0,0.0,0.0,0.0,0,246,201,293
102093,Martin Damm,64,81,10,200,194.7837,189.0,0.0,0.0,0.0,0.0,50,172,174,330
144826,Aziz Dougaz,62,50,10,150,188.875,186.0,0.0,0.0,0.0,0.0,10,218,311,166
111200,Elias Ymer,62,54,0,165,193.7189,187.0,0.0,0.0,0.0,0.0,75,158,173,337
212044,Yi Zhou,61,66,10,200,198.336,212.0,0.0,0.0,0.0,0.0,35,191,250,217
200303,Pavel Kotov,60,56,10,175,193.6734,188.0,0.0,0.0,0.0,0.0,10,218,465,96
144642,Tomas Barrios Vera,60,44,20,140,198.8074,207.0,0.0,0.0,0.0,0.0,40,188,111,557
121411,Moez Echargui,59,68,0,250,201.0038,189.0,0.0,0.0,0.0,0.0,0,246,134,450
210012,Henrique Rocha,59,63,10,100,194.0207,188.0,0.0,0.0,0.0,0.0,100,144,158,394
136440,Dominik Koepfer,57,52,10,150,197.4729,206.0,0.0,0.0,0.0,0.0,35,191,509,83
202127,Clement Tabur,57,77,10,150,197.6525,191.0,0.0,0.0,0.0,0.0,60,166,202,292
202262,Filip Cristian Jianu,56,76,0,250,209.5674,222.0,0.0,0.0,0.0,0.0,25,198,280,190
208223,Alvaro Guillen Meza,55,62,0,250,201.522,216.0,0.0,0.0,0.0,0.0,0,246,196,305
210536,Rei Sakamoto,55,47,20,130,199.7059,207.0,0.0,0.0,0.0,0.0,20,217,184,318
209259,Arthur Fery,54,58,10,175,200.0031,207.0,0.0,0.0,0.0,0.0,50,172,189,313
144707,Mikael Ymer,52,61,0,190,205.4857,216.0,0.0,0.0,0.0,0.0,0,246,627,57
200436,Zsombor Piros,50,56,10,50,194.9266,189.0,0.0,0.0,0.0,0.0,10,218,164,353
200452,Patrick Zahraj,50,71,0,250,212.2546,251.0,0.0,0.0,0.0,0.0,0,246,266,202
127760,Lukas Klein,50,73,10,200,209.1695,236.0,0.0,0.0,0.0,0.0,10,218,142,436
208260,Zachary Svajda,50,45,10,135,202.2679,210.0,0.0,0.0,0.0,0.0,75,158,143,431
212478,William Rejchtman Vinciguerra,50,67,0,250,211.7552,222.0,0.0,0.0,0.0,0.0,0,246,998,17
212216,Trevor Svajda,48,63,0,200,205.263,190.0,0.0,0.0,0.0,0.0,0,246,389,124
123921,Calvin Hemery,48,66,0,250,212.2939,221.0,0.0,0.0,0.0,0.0,0,246,259,211
210136,Mark Lajal,47,62,0,190,211.4951,220.0,0.0,0.0,0.0,0.0,50,172,149,407
200516,Patrick Kypson,46,49,10,100,203.8861,214.0,0.0,0.0,0.0,0.0,10,218,118,533
106121,Taro Daniel,46,37,10,110,203.9907,210.0,0.0,0.0,0.0,0.0,60,166,376,128
126652,Jay Clarke,46,49,10,50,198.9864,190.0,0.0,0.0,0.0,0.0,10,218,175,330
111806,Fajing Sun,45,55,0,165,209.3886,218.0,0.0,0.0,0.0,0.0,0,246,276,196
208004,Harold Mayot,45,39,10,110,205.2973,213.0,0.0,0.0,0.0,0.0,30,194,163,361
209957,Jack Pinnington Jones,45,49,10,150,207.2174,215.0,0.0,0.0,0.0,0.0,50,172,203,287
207220,Taha Baadi,43,67,0,250,218.1397,227.0,0.0,0.0,0.0,0.0,0,246,575,67
210545,Luis Carlos Alvarez,43,54,0,165,212.3348,220.0,0.0,0.0,0.0,0.0,25,198,615,59
208021,Kyrian Jacquet,42,47,10,125,209.4557,215.0,0.0,0.0,0.0,0.0,60,166,137,442
144656,Corentin Denolly,42,52,0,165,213.1845,221.0,0.0,0.0,0.0,0.0,25,198,373,130
209916,Marko Topo,42,54,0,165,214.208,222.0,0.0,0.0,0.0,0.0,0,246,238,234
117357,Omar Jasika,42,32,10,100,203.254,191.0,0.0,0.0,0.0,0.0,10,218,329,155
211902,Henry Searle,42,42,10,100,205.1288,192.0,0.0,0.0,0.0,0.0,10,218,357,137
200008,Alexis Galarneau,39,57,10,100,211.9211,219.0,0.0,0.0,0.0,0.0,30,194,205,285
200325,Emil Ruusuvuori,39,28,10,75,206.3133,194.0,0.0,0.0,0.0,0.0,10,218,549,73
207834,Juan Alejandro Hernandez Serrano,39,47,0,165,214.0266,221.0,0.0,0.0,0.0,0.0,25,198,414,115
208389,James Trotter,39,44,10,110,212.8493,220.0,0.0,0.0,0.0,0.0,10,218,288,182
208937,Kasidit Samrej,39,82,10,200,220.7606,238.0,0.0,0.0,0.0,0.0,10,218,422,112
212219,Mees Rottgering,38,59,0,100,217.9141,252.0,0.0,0.0,0.0,0.0,0,246,624,58
209903,Lukas Neumayer,37,57,0,165,220.4881,225.0,0.0,0.0,0.0,0.0,0,246,221,258
105577,Vasek Pospisil,37,61,10,100,216.7294,223.0,0.0,0.0,0.0,0.0,10,218,,
123828,Jan Choinski,37,59,0,165,222.798,228.0,0.0,0.0,0.0,0.0,0,246,125,498
212788,Amir Omarkhanov,36,56,0,165,222.5721,254.0,0.0,0.0,0.0,0.0,0,246,830,31
106298,Lucas Pouille,36,49,10,110,217.2292,235.0,0.0,0.0,0.0,0.0,10,218,554,71
209246,Alan Magadan,36,50,0,165,219.1047,223.0,0.0,0.0,0.0,0.0,0,246,798,34
210338,Arthur Gea,35,39,0,100,215.3352,220.0,0.0,0.0,0.0,0.0,0,246,244,229
206904,Gauthier Onclin,35,43,10,100,215.0571,236.0,0.0,0.0,0.0,0.0,10,218,268,200
209147,Vilius Gaubas,35,59,10,100,217.0299,222.0,0.0,0.0,0.0,0.0,50,172,130,469
122078,Dmitry Popko,33,52,0,165,223.7006,228.0,0.0,0.0,0.0,0.0,0,246,223,255
200647,Sho Shimabukuro,33,62,0,100,226.2741,256.0,0.0,0.0,0.0,0.0,50,172,147,414
129814,Ivan Ivanov,33,42,0,100,220.0126,223.0,0.0,0.0,0.0,0.0,0,246,944,20
200329,Remy Bertola,33,67,0,100,227.5661,257.0,0.0,0.0,0.0,0.0,0,246,257,212
208119,Liam Draxl,32,45,10,100,219.4119,225.0,0.0,0.0,0.0,0.0,10,218,133,461
200335,Felipe Meligeni Alves,31,41,0,100,220.8328,223.0,0.0,0.0,0.0,0.0,0,246,225,251
209414,Luca Van Assche,31,43,0,100,222.3316,224.0,0.0,0.0,0.0,0.0,25,198,166,352
105373,Martin Klizan,31,47,0,100,223.4309,225.0,0.0,0.0,0.0,0.0,0,246,835,30
134457,Nicolas Moreno De Alboran,31,41,10,100,219.7317,224.0,0.0,0.0,0.0,0.0,10,218,697,46
148679,Henry Bernet,31,69,0,200,231.9928,258.0,0.0,0.0,0.0,0.0,0,246,510,83
212531,Nicolas Arseneault,30,51,10,100,221.0089,233.0,0.0,0.0,0.0,0.0,30,194,504,84
202297,Dan Martin,30,48,10,100,221.4424,234.0,0.0,0.0,0.0,0.0,10,218,,
111454,Li Tu,30,17,20,65,225.7323,234.0,0.0,0.0,0.0,0.0,45,187,331,152
123809,Ivan Gakhov,29,42,0,100,225.851,226.0,0.0,0.0,0.0,0.0,0,246,261,210
208902,Johannus Monday,27,42,10,100,224.8591,238.0,0.0,0.0,0.0,0.0,10,218,234,242
106264,Karue Sell,26,36,0,100,226.2178,226.0,0.0,0.0,0.0,0.0,0,246,557,71
208653,Isaac Becroft,26,49,0,100,232.3753,256.0,0.0,0.0,0.0,0.0,0,246,1022,16
126504,Andrea Pellegrino,26,42,0,100,229.6964,253.0,0.0,0.0,0.0,0.0,25,198,141,438
202290,Dhakshineswar Suresh,26,50,0,165,232.7558,244.0,0.0,0.0,0.0,0.0,0,246,523,79
212063,Matej Dodig,25,45,0,100,231.3765,255.0,0.0,0.0,0.0,0.0,0,246,232,244
105613,Norbert Gombos,25,42,0,100,230.0174,251.0,0.0,0.0,0.0,0.0,25,198,299,177
131905,Manuel Guinard,25,33,0,75,227.4439,226.0,0.0,0.0,0.0,0.0,25,198,728,42
144817,Marc Andrea Huesler,24,39,0,100,230.3146,253.0,0.0,0.0,0.0,0.0,0,246,243,229
209326,Murphy Cassone,24,49,0,100,232.9584,231.0,0.0,0.0,0.0,0.0,0,246,216,268
210472,Oliver Tarvet,23,36,10,50,225.0701,238.0,0.0,0.0,0.0,0.0,50,172,333,150
105430,Radu Albot,23,44,0,100,233.5623,256.0,0.0,0.0,0.0,0.0,0,246,434,108
109739,Maximilian Marterer,23,23,10,50,224.8452,238.0,0.0,0.0,0.0,0.0,10,218,739,40
105077,Albert Ramos,22,28,10,60,226.9593,239.0,0.0,0.0,0.0,0.0,10,218,403,118
207794,Younes Lalami Laaroussi,22,41,0,100,234.222,256.0,0.0,0.0,0.0,0.0,0,246,986,18
111576,Sumit Nagal,22,21,10,60,227.1847,237.0,0.0,0.0,0.0,0.0,10,218,277,195
106296,Gregoire Barrere,22,35,0,100,232.7269,255.0,0.0,0.0,0.0,0.0,0,246,516,81
200711,Nicolas Mejia,21,25,0,50,230.5925,226.0,0.0,0.0,0.0,0.0,0,246,170,344
105062,Mikhail Kukushkin,20,26,0,75,231.6908,229.0,0.0,0.0,0.0,0.0,0,246,298,177
208169,Titouan Droguet,20,41,0,100,236.5919,257.0,0.0,0.0,0.0,0.0,50,172,153,404
208852,Stefanos Sakellaridis,20,28,0,50,232.2133,229.0,0.0,0.0,0.0,0.0,0,246,282,187
206889,Clement Chidekh,19,37,0,100,236.2857,256.0,0.0,0.0,0.0,0.0,0,246,248,220
200514,Jurij Rodionov,19,50,0,100,242.47,259.0,0.0,0.0,0.0,0.0,0,246,176,329
207181,Govind Nanda,19,40,0,100,237.7393,256.0,0.0,0.0,0.0,0.0,25,198,555,71
209406,Abedallah Shelbayh,19,27,0,50,233.6605,257.0,0.0,0.0,0.0,0.0,0,246,293,179
211451,Gilles Arnaud Bailly,18,26,0,50,234.6872,230.0,0.0,0.0,0.0,0.0,25,198,208,283
209890,Mili Poljicak,18,35,0,50,237.9772,256.0,0.0,0.0,0.0,0.0,0,246,393,123
200611,Elliot Benchetrit,14,29,0,50,241.2565,257.0,0.0,0.0,0.0,0.0,0,246,1257,7
209863,Leo Borg,14,25,0,50,240.909,256.0,0.0,0.0,0.0,0.0,25,198,535,76
212082,Joel Schwaerzler,13,31,0,50,243.9047,258.0,0.0,0.0,0.0,0.0,0,246,256,213
105477,Marco Trungelliti,13,27,0,50,243.2801,257.0,0.0,0.0,0.0,0.0,0,246,131,468
131934,Andrea Vavassori,12,29,0,50,244.2978,258.0,0.0,0.0,0.0,0.0,50,172,336,147
106310,Alexander Ritschard,11,21,0,25,243.9537,256.0,0.0,0.0,0.0,0.0,0,246,498,86
106005,Constant Lestienne,10,20,0,50,245.6083,258.0,0.0,0.0,0.0,0.0,25,198,350,141
106043,Diego Schwartzman,9,16,0,50,245.94,257.0,0.0,0.0,0.0,0.0,25,198,884,25
126409,Hugo Grenier,7,15,0,50,249.2881,258.0,0.0,0.0,0.0,0.0,25,198,177,328
208279,Alejandro Moro Canas,4,13,0,25,253.5578,259.0,0.0,0.0,0.0,0.0,0,246,240,234
